image_path,true_index,true_class,predicted_index,predicted_class,top1_class,top1_confidence,top2_class,top2_confidence,top3_class,top3_confidence,correct
C:/Users/sarun/OneDrive/Desktop/cesppl-internship/data/cesppl_processed/BIN LIFTING/Screenshot_2026-05-31_134611__png.jpg,0,BIN LIFTING,0,BIN LIFTING,BIN LIFTING,99.84,SECONDARY VEHICLES,0.16,BIN WASHING,0.0,True
C:/Users/sarun/OneDrive/Desktop/cesppl-internship/data/cesppl_processed/BIN LIFTING/Screenshot_2026-05-31_134828__png.jpg,0,BIN LIFTING,0,BIN LIFTING,BIN LIFTING,99.83,PRIMARY COLLECTION,0.1,SECONDARY VEHICLES,0.05,True
C:/Users/sarun/OneDrive/Desktop/cesppl-internship/data/cesppl_processed/BIN LIFTING/Screenshot_2026-05-31_135549__png.jpg,0,BIN LIFTING,0,BIN LIFTING,BIN LIFTING,99.85,SECONDARY VEHICLES,0.09,BIN WASHING,0.05,True
C:/Users/sarun/OneDrive/Desktop/cesppl-internship/data/cesppl_processed/BIN LIFTING/Screenshot_2026-05-31_141745__png.jpg,0,BIN LIFTING,0,BIN LIFTING,BIN LIFTING,97.49,BIN WASHING,2.43,SECONDARY VEHICLES,0.04,True
C:/Users/sarun/OneDrive/Desktop/cesppl-internship/data/cesppl_processed/BIN LIFTING/WhatsApp_Image_2026-04-22_at_1_29_06_PM__jpeg.jpg,0,BIN LIFTING,0,BIN LIFTING,BIN LIFTING,65.23,SECONDARY VEHICLES,30.41,MECHANIZED BEACH CLEANING,2.37,True
C:/Users/sarun/OneDrive/Desktop/cesppl-internship/data/cesppl_processed/BIN LIFTING/WhatsApp_Image_2026-04-24_at_8_07_50_AM__jpeg.jpg,0,BIN LIFTING,0,BIN LIFTING,BIN LIFTING,99.9,SECONDARY VEHICLES,0.08,BIN WASHING,0.01,True
C:/Users/sarun/OneDrive/Desktop/cesppl-internship/data/cesppl_processed/BIN LIFTING/WhatsApp_Image_2026-04-25_at_7_46_08_AM__jpeg.jpg,0,BIN LIFTING,0,BIN LIFTING,BIN LIFTING,100.0,SECONDARY VEHICLES,0.0,PRIMARY COLLECTION,0.0,True
C:/Users/sarun/OneDrive/Desktop/cesppl-internship/data/cesppl_processed/BIN LIFTING/WhatsApp_Image_2026-04-25_at_8_10_38_AM__jpeg.jpg,0,BIN LIFTING,0,BIN LIFTING,BIN LIFTING,96.18,SECONDARY VEHICLES,3.74,MECHANIZED BEACH CLEANING,0.02,True
C:/Users/sarun/OneDrive/Desktop/cesppl-internship/data/cesppl_processed/BIN LIFTING/WhatsApp_Image_2026-04-26_at_7_28_43_AM__jpeg.jpg,0,BIN LIFTING,0,BIN LIFTING,BIN LIFTING,99.96,SECONDARY VEHICLES,0.04,BIN WASHING,0.0,True
C:/Users/sarun/OneDrive/Desktop/cesppl-internship/data/cesppl_processed/BIN LIFTING/WhatsApp_Image_2026-05-05_at_12_38_39_AM__jpeg.jpg,0,BIN LIFTING,0,BIN LIFTING,BIN LIFTING,100.0,SECONDARY VEHICLES,0.0,PRIMARY COLLECTION,0.0,True
C:/Users/sarun/OneDrive/Desktop/cesppl-internship/data/cesppl_processed/BIN LIFTING/WhatsApp_Image_2026-05-08_at_1_57_20_AM__jpeg.jpg,0,BIN LIFTING,0,BIN LIFTING,BIN LIFTING,99.4,SECONDARY VEHICLES,0.57,MECHANICAL SWEEPING,0.02,True
C:/Users/sarun/OneDrive/Desktop/cesppl-internship/data/cesppl_processed/BIN LIFTING/WhatsApp_Image_2026-07-01_at_2_05_20_AM__jpeg.jpg,0,BIN LIFTING,0,BIN LIFTING,BIN LIFTING,86.5,SECONDARY VEHICLES,13.47,MECHANICAL SWEEPING,0.02,True
C:/Users/sarun/OneDrive/Desktop/cesppl-internship/data/cesppl_processed/BIN LIFTING/WhatsApp_Image_2026-07-01_at_2_06_43_AM__jpeg.jpg,0,BIN LIFTING,0,BIN LIFTING,BIN LIFTING,99.46,SECONDARY VEHICLES,0.53,MECHANICAL SWEEPING,0.0,True
C:/Users/sarun/OneDrive/Desktop/cesppl-internship/data/cesppl_processed/BIN LIFTING/WhatsApp_Image_2026-07-10_at_12_12_43_AM__jpeg.jpg,0,BIN LIFTING,0,BIN LIFTING,BIN LIFTING,99.99,BIN WASHING,0.0,MECHANICAL SWEEPING,0.0,True
C:/Users/sarun/OneDrive/Desktop/cesppl-internship/data/cesppl_processed/BIN LIFTING/WhatsApp_Image_2026-07-10_at_4_55_20_AM__jpeg.jpg,0,BIN LIFTING,0,BIN LIFTING,BIN LIFTING,93.8,SECONDARY VEHICLES,3.3,MECHANICAL SWEEPING,2.6,True
C:/Users/sarun/OneDrive/Desktop/cesppl-internship/data/cesppl_processed/BIN LIFTING/WhatsApp_Image_2026-07-11_at_3_31_57_AM__jpeg.jpg,0,BIN LIFTING,0,BIN LIFTING,BIN LIFTING,97.69,MECHANICAL SWEEPING,1.36,SECONDARY VEHICLES,0.93,True
C:/Users/sarun/OneDrive/Desktop/cesppl-internship/data/cesppl_processed/BIN LIFTING/WhatsApp_Image_2026-07-12_at_11_53_00_PM__jpeg.jpg,0,BIN LIFTING,0,BIN LIFTING,BIN LIFTING,98.73,BIN WASHING,1.08,SECONDARY VEHICLES,0.18,True
C:/Users/sarun/OneDrive/Desktop/cesppl-internship/data/cesppl_processed/BIN LIFTING/WhatsApp_Image_2026-07-13_at_12_27_52_AM__jpeg.jpg,0,BIN LIFTING,0,BIN LIFTING,BIN LIFTING,99.99,SECONDARY VEHICLES,0.01,MECHANICAL SWEEPING,0.0,True
C:/Users/sarun/OneDrive/Desktop/cesppl-internship/data/cesppl_processed/BIN LIFTING/image745__png.jpg,0,BIN LIFTING,0,BIN LIFTING,BIN LIFTING,99.99,SECONDARY VEHICLES,0.0,MECHANICAL SWEEPING,0.0,True
C:/Users/sarun/OneDrive/Desktop/cesppl-internship/data/cesppl_processed/BIN LIFTING/image758__png.jpg,0,BIN LIFTING,0,BIN LIFTING,BIN LIFTING,99.9,BIN WASHING,0.06,PRIMARY COLLECTION,0.02,True
C:/Users/sarun/OneDrive/Desktop/cesppl-internship/data/cesppl_processed/BIN LIFTING/image764__png.jpg,0,BIN LIFTING,0,BIN LIFTING,BIN LIFTING,100.0,SECONDARY VEHICLES,0.0,PRIMARY COLLECTION,0.0,True
C:/Users/sarun/OneDrive/Desktop/cesppl-internship/data/cesppl_processed/BIN LIFTING/image765__png.jpg,0,BIN LIFTING,0,BIN LIFTING,BIN LIFTING,99.94,SECONDARY VEHICLES,0.06,BIN WASHING,0.0,True
C:/Users/sarun/OneDrive/Desktop/cesppl-internship/data/cesppl_processed/BIN LIFTING/image781__png.jpg,0,BIN LIFTING,0,BIN LIFTING,BIN LIFTING,99.72,SECONDARY VEHICLES,0.27,MECHANICAL SWEEPING,0.0,True
C:/Users/sarun/OneDrive/Desktop/cesppl-internship/data/cesppl_processed/BIN LIFTING/image796__png.jpg,0,BIN LIFTING,0,BIN LIFTING,BIN LIFTING,99.86,SECONDARY VEHICLES,0.08,BIN WASHING,0.04,True
C:/Users/sarun/OneDrive/Desktop/cesppl-internship/data/cesppl_processed/BIN LIFTING/image801__png.jpg,0,BIN LIFTING,0,BIN LIFTING,BIN LIFTING,99.96,SECONDARY VEHICLES,0.03,MECHANICAL SWEEPING,0.01,True
C:/Users/sarun/OneDrive/Desktop/cesppl-internship/data/cesppl_processed/BIN WASHING/WhatsApp_Image_2026-07-01_at_11_52_30_PM__jpeg.jpg,1,BIN WASHING,1,BIN WASHING,BIN WASHING,98.86,ROAD SWEEPING,0.42,SECONDARY VEHICLES,0.36,True
C:/Users/sarun/OneDrive/Desktop/cesppl-internship/data/cesppl_processed/BIN WASHING/WhatsApp_Image_2026-07-02_at_5_16_42_AM__jpeg.jpg,1,BIN WASHING,1,BIN WASHING,BIN WASHING,100.0,ROAD SWEEPING,0.0,LFC,0.0,True
C:/Users/sarun/OneDrive/Desktop/cesppl-internship/data/cesppl_processed/BIN WASHING/WhatsApp_Image_2026-07-02_at_5_40_29_PM_2__jpeg.jpg,1,BIN WASHING,1,BIN WASHING,BIN WASHING,100.0,ROAD SWEEPING,0.0,BIN LIFTING,0.0,True
C:/Users/sarun/OneDrive/Desktop/cesppl-internship/data/cesppl_processed/BIN WASHING/WhatsApp_Image_2026-07-03_at_12_59_10_PM__jpeg.jpg,1,BIN WASHING,1,BIN WASHING,BIN WASHING,99.98,ROAD SWEEPING,0.01,LFC,0.0,True
C:/Users/sarun/OneDrive/Desktop/cesppl-internship/data/cesppl_processed/BIN WASHING/WhatsApp_Image_2026-07-03_at_12_59_15_PM__jpeg.jpg,1,BIN WASHING,1,BIN WASHING,BIN WASHING,99.66,BIN LIFTING,0.14,SECONDARY VEHICLES,0.12,True
C:/Users/sarun/OneDrive/Desktop/cesppl-internship/data/cesppl_processed/BIN WASHING/WhatsApp_Image_2026-07-03_at_12_59_18_PM__jpeg.jpg,1,BIN WASHING,1,BIN WASHING,BIN WASHING,99.99,ROAD SWEEPING,0.0,MANUAL BEACH CLEANING,0.0,True
C:/Users/sarun/OneDrive/Desktop/cesppl-internship/data/cesppl_processed/BIN WASHING/WhatsApp_Image_2026-07-03_at_12_59_23_PM__jpeg.jpg,1,BIN WASHING,1,BIN WASHING,BIN WASHING,99.84,BIN LIFTING,0.11,SECONDARY VEHICLES,0.03,True
C:/Users/sarun/OneDrive/Desktop/cesppl-internship/data/cesppl_processed/BIN WASHING/WhatsApp_Image_2026-07-03_at_12_59_28_PM__jpeg.jpg,1,BIN WASHING,1,BIN WASHING,BIN WASHING,99.69,PRIMARY COLLECTION,0.17,ROAD SWEEPING,0.11,True
C:/Users/sarun/OneDrive/Desktop/cesppl-internship/data/cesppl_processed/BIN WASHING/WhatsApp_Image_2026-07-03_at_12_59_30_PM__jpeg.jpg,1,BIN WASHING,1,BIN WASHING,BIN WASHING,100.0,SECONDARY VEHICLES,0.0,BIN LIFTING,0.0,True
C:/Users/sarun/OneDrive/Desktop/cesppl-internship/data/cesppl_processed/BIN WASHING/WhatsApp_Image_2026-07-03_at_12_59_32_PM__jpeg.jpg,1,BIN WASHING,1,BIN WASHING,BIN WASHING,99.18,LFC,0.72,ROAD SWEEPING,0.05,True
C:/Users/sarun/OneDrive/Desktop/cesppl-internship/data/cesppl_processed/BIN WASHING/WhatsApp_Image_2026-07-03_at_3_27_21_PM__jpeg.jpg,1,BIN WASHING,1,BIN WASHING,BIN WASHING,99.99,MECHANIZED BEACH CLEANING,0.01,BIN LIFTING,0.0,True
C:/Users/sarun/OneDrive/Desktop/cesppl-internship/data/cesppl_processed/BIN WASHING/WhatsApp_Image_2026-07-03_at_3_49_43_PM__jpeg.jpg,1,BIN WASHING,1,BIN WASHING,BIN WASHING,99.97,BIN LIFTING,0.01,ROAD SWEEPING,0.01,True
C:/Users/sarun/OneDrive/Desktop/cesppl-internship/data/cesppl_processed/BIN WASHING/WhatsApp_Image_2026-07-03_at_5_20_41_AM__jpeg.jpg,1,BIN WASHING,1,BIN WASHING,BIN WASHING,100.0,LFC,0.0,MECHANIZED BEACH CLEANING,0.0,True
C:/Users/sarun/OneDrive/Desktop/cesppl-internship/data/cesppl_processed/BIN WASHING/WhatsApp_Image_2026-07-03_at_5_35_12_AM__jpeg.jpg,1,BIN WASHING,1,BIN WASHING,BIN WASHING,99.0,ROAD SWEEPING,0.27,SECONDARY VEHICLES,0.25,True
C:/Users/sarun/OneDrive/Desktop/cesppl-internship/data/cesppl_processed/BIN WASHING/WhatsApp_Image_2026-07-03_at_5_39_59_AM_1__jpeg.jpg,1,BIN WASHING,1,BIN WASHING,BIN WASHING,99.99,LFC,0.01,GATE MEETING,0.0,True
C:/Users/sarun/OneDrive/Desktop/cesppl-internship/data/cesppl_processed/BIN WASHING/WhatsApp_Image_2026-07-03_at_6_27_07_AM__jpeg.jpg,1,BIN WASHING,1,BIN WASHING,BIN WASHING,100.0,BIN LIFTING,0.0,MANUAL BEACH CLEANING,0.0,True
C:/Users/sarun/OneDrive/Desktop/cesppl-internship/data/cesppl_processed/BIN WASHING/WhatsApp_Image_2026-07-03_at_7_06_25_PM_1__jpeg.jpg,1,BIN WASHING,1,BIN WASHING,BIN WASHING,99.99,BIN LIFTING,0.01,LFC,0.0,True
C:/Users/sarun/OneDrive/Desktop/cesppl-internship/data/cesppl_processed/BIN WASHING/WhatsApp_Image_2026-07-03_at_7_06_28_PM__jpeg.jpg,1,BIN WASHING,1,BIN WASHING,BIN WASHING,99.96,BIN LIFTING,0.04,ROAD SWEEPING,0.0,True
C:/Users/sarun/OneDrive/Desktop/cesppl-internship/data/cesppl_processed/BIN WASHING/WhatsApp_Image_2026-07-03_at_7_10_09_AM__jpeg.jpg,1,BIN WASHING,1,BIN WASHING,BIN WASHING,100.0,GATE MEETING,0.0,BIN LIFTING,0.0,True
C:/Users/sarun/OneDrive/Desktop/cesppl-internship/data/cesppl_processed/BIN WASHING/WhatsApp_Image_2026-07-04_at_8_03_08_PM__jpeg.jpg,1,BIN WASHING,1,BIN WASHING,BIN WASHING,99.97,MECHANIZED BEACH CLEANING,0.02,LFC,0.0,True
C:/Users/sarun/OneDrive/Desktop/cesppl-internship/data/cesppl_processed/BIN WASHING/WhatsApp_Image_2026-07-07_at_1_31_21_PM_1__jpeg.jpg,1,BIN WASHING,1,BIN WASHING,BIN WASHING,99.99,MECHANIZED BEACH CLEANING,0.01,BIN LIFTING,0.0,True
C:/Users/sarun/OneDrive/Desktop/cesppl-internship/data/cesppl_processed/BIN WASHING/WhatsApp_Image_2026-07-07_at_1_31_21_PM__jpeg.jpg,1,BIN WASHING,1,BIN WASHING,BIN WASHING,99.96,SECONDARY VEHICLES,0.02,BIN LIFTING,0.0,True
C:/Users/sarun/OneDrive/Desktop/cesppl-internship/data/cesppl_processed/BIN WASHING/WhatsApp_Image_2026-07-07_at_1_31_23_PM_1__jpeg.jpg,1,BIN WASHING,1,BIN WASHING,BIN WASHING,99.98,SECONDARY VEHICLES,0.01,PRIMARY COLLECTION,0.0,True
C:/Users/sarun/OneDrive/Desktop/cesppl-internship/data/cesppl_processed/BIN WASHING/WhatsApp_Image_2026-07-07_at_1_31_23_PM_2__jpeg.jpg,1,BIN WASHING,1,BIN WASHING,BIN WASHING,99.63,SECONDARY VEHICLES,0.32,MECHANIZED BEACH CLEANING,0.02,True
C:/Users/sarun/OneDrive/Desktop/cesppl-internship/data/cesppl_processed/BIN WASHING/WhatsApp_Image_2026-07-07_at_3_58_27_PM__jpeg.jpg,1,BIN WASHING,1,BIN WASHING,BIN WASHING,100.0,ROAD SWEEPING,0.0,LFC,0.0,True
C:/Users/sarun/OneDrive/Desktop/cesppl-internship/data/cesppl_processed/BIN WASHING/WhatsApp_Image_2026-07-07_at_6_22_16_AM__jpeg.jpg,1,BIN WASHING,1,BIN WASHING,BIN WASHING,99.99,MECHANIZED BEACH CLEANING,0.01,LFC,0.0,True
C:/Users/sarun/OneDrive/Desktop/cesppl-internship/data/cesppl_processed/BIN WASHING/WhatsApp_Image_2026-07-07_at_6_37_40_AM__jpeg.jpg,1,BIN WASHING,1,BIN WASHING,BIN WASHING,93.19,LFC,4.95,ROAD SWEEPING,1.65,True
C:/Users/sarun/OneDrive/Desktop/cesppl-internship/data/cesppl_processed/BIN WASHING/WhatsApp_Image_2026-07-08_at_4_38_10_AM_1__jpeg.jpg,1,BIN WASHING,1,BIN WASHING,BIN WASHING,99.99,ROAD SWEEPING,0.0,LFC,0.0,True
C:/Users/sarun/OneDrive/Desktop/cesppl-internship/data/cesppl_processed/BIN WASHING/WhatsApp_Image_2026-07-08_at_4_54_47_AM__jpeg.jpg,1,BIN WASHING,8,ROAD SWEEPING,ROAD SWEEPING,49.62,BIN WASHING,48.38,LFC,0.7,False
C:/Users/sarun/OneDrive/Desktop/cesppl-internship/data/cesppl_processed/BIN WASHING/WhatsApp_Image_2026-07-08_at_5_22_24_AM__jpeg.jpg,1,BIN WASHING,1,BIN WASHING,BIN WASHING,99.99,ROAD SWEEPING,0.0,MECHANIZED BEACH CLEANING,0.0,True
C:/Users/sarun/OneDrive/Desktop/cesppl-internship/data/cesppl_processed/BIN WASHING/WhatsApp_Image_2026-07-08_at_5_55_59_AM__jpeg.jpg,1,BIN WASHING,1,BIN WASHING,BIN WASHING,99.98,SECONDARY VEHICLES,0.01,BIN LIFTING,0.0,True
C:/Users/sarun/OneDrive/Desktop/cesppl-internship/data/cesppl_processed/BIN WASHING/WhatsApp_Image_2026-07-08_at_5_56_00_AM_2__jpeg.jpg,1,BIN WASHING,1,BIN WASHING,BIN WASHING,99.93,BIN LIFTING,0.05,MANUAL BEACH CLEANING,0.01,True
C:/Users/sarun/OneDrive/Desktop/cesppl-internship/data/cesppl_processed/BIN WASHING/WhatsApp_Image_2026-07-08_at_5_56_01_AM_1__jpeg.jpg,1,BIN WASHING,1,BIN WASHING,BIN WASHING,99.7,MANUAL BEACH CLEANING,0.18,ROAD SWEEPING,0.04,True
C:/Users/sarun/OneDrive/Desktop/cesppl-internship/data/cesppl_processed/BIN WASHING/WhatsApp_Image_2026-07-08_at_5_56_03_AM_2__jpeg.jpg,1,BIN WASHING,1,BIN WASHING,BIN WASHING,99.88,ROAD SWEEPING,0.03,GATE MEETING,0.02,True
C:/Users/sarun/OneDrive/Desktop/cesppl-internship/data/cesppl_processed/BIN WASHING/WhatsApp_Image_2026-07-08_at_5_56_04_AM__jpeg.jpg,1,BIN WASHING,1,BIN WASHING,BIN WASHING,99.97,ROAD SWEEPING,0.02,LFC,0.0,True
C:/Users/sarun/OneDrive/Desktop/cesppl-internship/data/cesppl_processed/BIN WASHING/WhatsApp_Image_2026-07-08_at_5_56_05_AM__jpeg.jpg,1,BIN WASHING,1,BIN WASHING,BIN WASHING,90.96,ROAD SWEEPING,8.03,LFC,0.94,True
C:/Users/sarun/OneDrive/Desktop/cesppl-internship/data/cesppl_processed/BIN WASHING/WhatsApp_Image_2026-07-08_at_6_59_49_PM__jpeg.jpg,1,BIN WASHING,1,BIN WASHING,BIN WASHING,100.0,BIN LIFTING,0.0,MECHANIZED BEACH CLEANING,0.0,True
C:/Users/sarun/OneDrive/Desktop/cesppl-internship/data/cesppl_processed/BIN WASHING/WhatsApp_Image_2026-07-09_at_3_27_26_PM__jpeg.jpg,1,BIN WASHING,1,BIN WASHING,BIN WASHING,99.8,ROAD SWEEPING,0.07,LFC,0.04,True
C:/Users/sarun/OneDrive/Desktop/cesppl-internship/data/cesppl_processed/BIN WASHING/WhatsApp_Image_2026-07-09_at_3_36_07_PM__jpeg.jpg,1,BIN WASHING,1,BIN WASHING,BIN WASHING,99.24,BIN LIFTING,0.37,ROAD SWEEPING,0.25,True
C:/Users/sarun/OneDrive/Desktop/cesppl-internship/data/cesppl_processed/BIN WASHING/WhatsApp_Image_2026-07-09_at_6_17_48_AM_1__jpeg.jpg,1,BIN WASHING,1,BIN WASHING,BIN WASHING,95.78,BIN LIFTING,4.04,ROAD SWEEPING,0.16,True
C:/Users/sarun/OneDrive/Desktop/cesppl-internship/data/cesppl_processed/BIN WASHING/WhatsApp_Image_2026-07-09_at_6_17_49_AM_2__jpeg.jpg,1,BIN WASHING,1,BIN WASHING,BIN WASHING,99.64,BIN LIFTING,0.16,SECONDARY VEHICLES,0.13,True
C:/Users/sarun/OneDrive/Desktop/cesppl-internship/data/cesppl_processed/BIN WASHING/WhatsApp_Image_2026-07-09_at_6_17_50_AM_1__jpeg.jpg,1,BIN WASHING,1,BIN WASHING,BIN WASHING,99.49,BIN LIFTING,0.39,MANUAL BEACH CLEANING,0.04,True
C:/Users/sarun/OneDrive/Desktop/cesppl-internship/data/cesppl_processed/BIN WASHING/WhatsApp_Image_2026-07-09_at_7_28_56_AM__jpeg.jpg,1,BIN WASHING,1,BIN WASHING,BIN WASHING,99.81,BIN LIFTING,0.18,MANUAL BEACH CLEANING,0.01,True
C:/Users/sarun/OneDrive/Desktop/cesppl-internship/data/cesppl_processed/BIN WASHING/image1378__png.jpg,1,BIN WASHING,1,BIN WASHING,BIN WASHING,99.13,ROAD SWEEPING,0.71,LFC,0.14,True
C:/Users/sarun/OneDrive/Desktop/cesppl-internship/data/cesppl_processed/BIN WASHING/image1404__png.jpg,1,BIN WASHING,1,BIN WASHING,BIN WASHING,99.94,BIN LIFTING,0.02,PRIMARY COLLECTION,0.02,True
C:/Users/sarun/OneDrive/Desktop/cesppl-internship/data/cesppl_processed/BIN WASHING/image1420__png.jpg,1,BIN WASHING,1,BIN WASHING,BIN WASHING,99.86,BIN LIFTING,0.08,ROAD SWEEPING,0.03,True
C:/Users/sarun/OneDrive/Desktop/cesppl-internship/data/cesppl_processed/BIN WASHING/image1428__png.jpg,1,BIN WASHING,1,BIN WASHING,BIN WASHING,99.84,PRIMARY COLLECTION,0.07,ROAD SWEEPING,0.05,True
C:/Users/sarun/OneDrive/Desktop/cesppl-internship/data/cesppl_processed/BIN WASHING/image1429__png.jpg,1,BIN WASHING,1,BIN WASHING,BIN WASHING,100.0,LFC,0.0,ROAD SWEEPING,0.0,True
C:/Users/sarun/OneDrive/Desktop/cesppl-internship/data/cesppl_processed/BIN WASHING/image1430__png.jpg,1,BIN WASHING,1,BIN WASHING,BIN WASHING,99.97,BIN LIFTING,0.02,ROAD SWEEPING,0.01,True
C:/Users/sarun/OneDrive/Desktop/cesppl-internship/data/cesppl_processed/GATE MEETING/WhatsApp_Image_2026-07-01_at_10_26_38_PM__jpeg.jpg,2,GATE MEETING,2,GATE MEETING,GATE MEETING,99.92,PRIMARY COLLECTION,0.03,ROAD SWEEPING,0.02,True
C:/Users/sarun/OneDrive/Desktop/cesppl-internship/data/cesppl_processed/GATE MEETING/WhatsApp_Image_2026-07-01_at_10_28_24_PM__jpeg.jpg,2,GATE MEETING,2,GATE MEETING,GATE MEETING,100.0,MANUAL BEACH CLEANING,0.0,LFC,0.0,True
C:/Users/sarun/OneDrive/Desktop/cesppl-internship/data/cesppl_processed/GATE MEETING/WhatsApp_Image_2026-07-01_at_10_28_25_PM_1__jpeg.jpg,2,GATE MEETING,2,GATE MEETING,GATE MEETING,100.0,MANUAL BEACH CLEANING,0.0,LFC,0.0,True
C:/Users/sarun/OneDrive/Desktop/cesppl-internship/data/cesppl_processed/GATE MEETING/WhatsApp_Image_2026-07-01_at_2_22_11_PM__jpeg.jpg,2,GATE MEETING,2,GATE MEETING,GATE MEETING,99.98,MANUAL BEACH CLEANING,0.01,PRIMARY COLLECTION,0.0,True
C:/Users/sarun/OneDrive/Desktop/cesppl-internship/data/cesppl_processed/GATE MEETING/WhatsApp_Image_2026-07-01_at_6_38_28_AM__jpeg.jpg,2,GATE MEETING,2,GATE MEETING,GATE MEETING,100.0,PRIMARY COLLECTION,0.0,ROAD SWEEPING,0.0,True
C:/Users/sarun/OneDrive/Desktop/cesppl-internship/data/cesppl_processed/GATE MEETING/WhatsApp_Image_2026-07-01_at_9_51_56_PM_1__jpeg.jpg,2,GATE MEETING,2,GATE MEETING,GATE MEETING,99.9,PRIMARY COLLECTION,0.05,ROAD SWEEPING,0.04,True
C:/Users/sarun/OneDrive/Desktop/cesppl-internship/data/cesppl_processed/GATE MEETING/WhatsApp_Image_2026-07-02_at_10_41_29_PM_1__jpeg.jpg,2,GATE MEETING,2,GATE MEETING,GATE MEETING,100.0,LFC,0.0,MANUAL BEACH CLEANING,0.0,True
C:/Users/sarun/OneDrive/Desktop/cesppl-internship/data/cesppl_processed/GATE MEETING/WhatsApp_Image_2026-07-02_at_7_13_08_AM_1__jpeg.jpg,2,GATE MEETING,2,GATE MEETING,GATE MEETING,99.98,ROAD SWEEPING,0.01,BIN WASHING,0.01,True
C:/Users/sarun/OneDrive/Desktop/cesppl-internship/data/cesppl_processed/GATE MEETING/WhatsApp_Image_2026-07-02_at_7_13_09_AM__jpeg.jpg,2,GATE MEETING,2,GATE MEETING,GATE MEETING,100.0,ROAD SWEEPING,0.0,LFC,0.0,True
C:/Users/sarun/OneDrive/Desktop/cesppl-internship/data/cesppl_processed/GATE MEETING/WhatsApp_Image_2026-07-03_at_10_29_52_PM_2__jpeg.jpg,2,GATE MEETING,2,GATE MEETING,GATE MEETING,100.0,MANUAL BEACH CLEANING,0.0,LFC,0.0,True
C:/Users/sarun/OneDrive/Desktop/cesppl-internship/data/cesppl_processed/GATE MEETING/WhatsApp_Image_2026-07-03_at_4_53_28_PM_1__jpeg.jpg,2,GATE MEETING,4,MANUAL BEACH CLEANING,MANUAL BEACH CLEANING,74.56,GATE MEETING,25.33,ROAD SWEEPING,0.08,False
C:/Users/sarun/OneDrive/Desktop/cesppl-internship/data/cesppl_processed/GATE MEETING/WhatsApp_Image_2026-07-03_at_9_28_21_AM_1__jpeg.jpg,2,GATE MEETING,7,PRIMARY COLLECTION,PRIMARY COLLECTION,96.3,GATE MEETING,2.93,BIN WASHING,0.42,False
C:/Users/sarun/OneDrive/Desktop/cesppl-internship/data/cesppl_processed/GATE MEETING/WhatsApp_Image_2026-07-04_at_10_30_05_PM__jpeg.jpg,2,GATE MEETING,2,GATE MEETING,GATE MEETING,100.0,PRIMARY COLLECTION,0.0,BIN WASHING,0.0,True
C:/Users/sarun/OneDrive/Desktop/cesppl-internship/data/cesppl_processed/GATE MEETING/WhatsApp_Image_2026-07-04_at_2_31_36_AM_2__jpeg.jpg,2,GATE MEETING,8,ROAD SWEEPING,ROAD SWEEPING,56.83,GATE MEETING,36.71,PRIMARY COLLECTION,3.45,False
C:/Users/sarun/OneDrive/Desktop/cesppl-internship/data/cesppl_processed/GATE MEETING/WhatsApp_Image_2026-07-04_at_9_34_46_PM_1__jpeg.jpg,2,GATE MEETING,2,GATE MEETING,GATE MEETING,100.0,BIN WASHING,0.0,ROAD SWEEPING,0.0,True
C:/Users/sarun/OneDrive/Desktop/cesppl-internship/data/cesppl_processed/GATE MEETING/WhatsApp_Image_2026-07-04_at_9_47_10_PM__jpeg.jpg,2,GATE MEETING,2,GATE MEETING,GATE MEETING,100.0,ROAD SWEEPING,0.0,LFC,0.0,True
C:/Users/sarun/OneDrive/Desktop/cesppl-internship/data/cesppl_processed/GATE MEETING/WhatsApp_Image_2026-07-05_at_2_31_44_PM__jpeg.jpg,2,GATE MEETING,2,GATE MEETING,GATE MEETING,100.0,MANUAL BEACH CLEANING,0.0,ROAD SWEEPING,0.0,True
C:/Users/sarun/OneDrive/Desktop/cesppl-internship/data/cesppl_processed/GATE MEETING/WhatsApp_Image_2026-07-05_at_6_04_36_AM__jpeg.jpg,2,GATE MEETING,2,GATE MEETING,GATE MEETING,99.92,PRIMARY COLLECTION,0.08,ROAD SWEEPING,0.0,True
C:/Users/sarun/OneDrive/Desktop/cesppl-internship/data/cesppl_processed/GATE MEETING/WhatsApp_Image_2026-07-05_at_6_20_12_AM_1__jpeg.jpg,2,GATE MEETING,2,GATE MEETING,GATE MEETING,100.0,MANUAL BEACH CLEANING,0.0,PRIMARY COLLECTION,0.0,True
C:/Users/sarun/OneDrive/Desktop/cesppl-internship/data/cesppl_processed/GATE MEETING/WhatsApp_Image_2026-07-06_at_2_54_20_PM__jpeg.jpg,2,GATE MEETING,2,GATE MEETING,GATE MEETING,100.0,PRIMARY COLLECTION,0.0,ROAD SWEEPING,0.0,True
C:/Users/sarun/OneDrive/Desktop/cesppl-internship/data/cesppl_processed/GATE MEETING/WhatsApp_Image_2026-07-06_at_4_24_03_AM__jpeg.jpg,2,GATE MEETING,2,GATE MEETING,GATE MEETING,86.52,ROAD SWEEPING,13.41,LFC,0.03,True
C:/Users/sarun/OneDrive/Desktop/cesppl-internship/data/cesppl_processed/GATE MEETING/WhatsApp_Image_2026-07-07_at_10_29_57_PM__jpeg.jpg,2,GATE MEETING,2,GATE MEETING,GATE MEETING,100.0,ROAD SWEEPING,0.0,BIN WASHING,0.0,True
C:/Users/sarun/OneDrive/Desktop/cesppl-internship/data/cesppl_processed/GATE MEETING/WhatsApp_Image_2026-07-07_at_6_54_56_AM__jpeg.jpg,2,GATE MEETING,2,GATE MEETING,GATE MEETING,99.98,PRIMARY COLLECTION,0.01,ROAD SWEEPING,0.0,True
C:/Users/sarun/OneDrive/Desktop/cesppl-internship/data/cesppl_processed/GATE MEETING/WhatsApp_Image_2026-07-07_at_8_40_11_AM__jpeg.jpg,2,GATE MEETING,2,GATE MEETING,GATE MEETING,99.91,PRIMARY COLLECTION,0.09,BIN WASHING,0.0,True
C:/Users/sarun/OneDrive/Desktop/cesppl-internship/data/cesppl_processed/GATE MEETING/WhatsApp_Image_2026-07-08_at_2_16_33_PM_2__jpeg.jpg,2,GATE MEETING,2,GATE MEETING,GATE MEETING,100.0,MANUAL BEACH CLEANING,0.0,ROAD SWEEPING,0.0,True
C:/Users/sarun/OneDrive/Desktop/cesppl-internship/data/cesppl_processed/GATE MEETING/WhatsApp_Image_2026-07-08_at_6_17_29_AM_1__jpeg.jpg,2,GATE MEETING,2,GATE MEETING,GATE MEETING,99.97,MANUAL BEACH CLEANING,0.03,MECHANIZED BEACH CLEANING,0.0,True
C:/Users/sarun/OneDrive/Desktop/cesppl-internship/data/cesppl_processed/GATE MEETING/WhatsApp_Image_2026-07-08_at_7_29_05_AM__jpeg.jpg,2,GATE MEETING,2,GATE MEETING,GATE MEETING,88.86,MANUAL BEACH CLEANING,11.14,MECHANIZED BEACH CLEANING,0.01,True
C:/Users/sarun/OneDrive/Desktop/cesppl-internship/data/cesppl_processed/GATE MEETING/WhatsApp_Image_2026-07-08_at_7_29_06_AM_1__jpeg.jpg,2,GATE MEETING,2,GATE MEETING,GATE MEETING,94.68,MANUAL BEACH CLEANING,5.31,MECHANIZED BEACH CLEANING,0.01,True
C:/Users/sarun/OneDrive/Desktop/cesppl-internship/data/cesppl_processed/GATE MEETING/WhatsApp_Image_2026-07-09_at_2_11_08_PM__jpeg.jpg,2,GATE MEETING,2,GATE MEETING,GATE MEETING,99.95,MANUAL BEACH CLEANING,0.04,SECONDARY VEHICLES,0.0,True
C:/Users/sarun/OneDrive/Desktop/cesppl-internship/data/cesppl_processed/GATE MEETING/WhatsApp_Image_2026-07-09_at_9_38_56_PM__jpeg.jpg,2,GATE MEETING,2,GATE MEETING,GATE MEETING,100.0,PRIMARY COLLECTION,0.0,BIN WASHING,0.0,True
C:/Users/sarun/OneDrive/Desktop/cesppl-internship/data/cesppl_processed/GATE MEETING/image1213__jpeg.jpg,2,GATE MEETING,2,GATE MEETING,GATE MEETING,99.98,ROAD SWEEPING,0.02,MANUAL BEACH CLEANING,0.0,True
C:/Users/sarun/OneDrive/Desktop/cesppl-internship/data/cesppl_processed/GATE MEETING/image1214__jpeg.jpg,2,GATE MEETING,2,GATE MEETING,GATE MEETING,100.0,ROAD SWEEPING,0.0,PRIMARY COLLECTION,0.0,True
C:/Users/sarun/OneDrive/Desktop/cesppl-internship/data/cesppl_processed/GATE MEETING/image1234__jpeg.jpg,2,GATE MEETING,2,GATE MEETING,GATE MEETING,99.98,ROAD SWEEPING,0.01,LFC,0.01,True
C:/Users/sarun/OneDrive/Desktop/cesppl-internship/data/cesppl_processed/GATE MEETING/image1236__jpeg.jpg,2,GATE MEETING,2,GATE MEETING,GATE MEETING,98.85,PRIMARY COLLECTION,1.13,ROAD SWEEPING,0.01,True
C:/Users/sarun/OneDrive/Desktop/cesppl-internship/data/cesppl_processed/GATE MEETING/image1237__jpeg.jpg,2,GATE MEETING,2,GATE MEETING,GATE MEETING,100.0,PRIMARY COLLECTION,0.0,BIN WASHING,0.0,True
C:/Users/sarun/OneDrive/Desktop/cesppl-internship/data/cesppl_processed/GATE MEETING/image1238__jpeg.jpg,2,GATE MEETING,2,GATE MEETING,GATE MEETING,99.94,MANUAL BEACH CLEANING,0.05,PRIMARY COLLECTION,0.01,True
C:/Users/sarun/OneDrive/Desktop/cesppl-internship/data/cesppl_processed/GATE MEETING/image1244__jpeg.jpg,2,GATE MEETING,2,GATE MEETING,GATE MEETING,100.0,LFC,0.0,ROAD SWEEPING,0.0,True
C:/Users/sarun/OneDrive/Desktop/cesppl-internship/data/cesppl_processed/GATE MEETING/image1245__jpeg.jpg,2,GATE MEETING,2,GATE MEETING,GATE MEETING,100.0,PRIMARY COLLECTION,0.0,BIN WASHING,0.0,True
C:/Users/sarun/OneDrive/Desktop/cesppl-internship/data/cesppl_processed/GATE MEETING/image1266__jpeg.jpg,2,GATE MEETING,2,GATE MEETING,GATE MEETING,99.94,PRIMARY COLLECTION,0.06,BIN WASHING,0.0,True
C:/Users/sarun/OneDrive/Desktop/cesppl-internship/data/cesppl_processed/GATE MEETING/image1276__jpeg.jpg,2,GATE MEETING,2,GATE MEETING,GATE MEETING,100.0,LFC,0.0,PRIMARY COLLECTION,0.0,True
C:/Users/sarun/OneDrive/Desktop/cesppl-internship/data/cesppl_processed/GATE MEETING/image1291__jpeg.jpg,2,GATE MEETING,2,GATE MEETING,GATE MEETING,100.0,MANUAL BEACH CLEANING,0.0,PRIMARY COLLECTION,0.0,True
C:/Users/sarun/OneDrive/Desktop/cesppl-internship/data/cesppl_processed/GATE MEETING/image1294__jpeg.jpg,2,GATE MEETING,2,GATE MEETING,GATE MEETING,95.38,PRIMARY COLLECTION,4.6,ROAD SWEEPING,0.01,True
C:/Users/sarun/OneDrive/Desktop/cesppl-internship/data/cesppl_processed/GATE MEETING/image1296__jpeg.jpg,2,GATE MEETING,2,GATE MEETING,GATE MEETING,99.94,MANUAL BEACH CLEANING,0.05,PRIMARY COLLECTION,0.01,True
C:/Users/sarun/OneDrive/Desktop/cesppl-internship/data/cesppl_processed/GATE MEETING/image1297__jpeg.jpg,2,GATE MEETING,2,GATE MEETING,GATE MEETING,100.0,ROAD SWEEPING,0.0,SECONDARY VEHICLES,0.0,True
C:/Users/sarun/OneDrive/Desktop/cesppl-internship/data/cesppl_processed/GATE MEETING/image1300__jpeg.jpg,2,GATE MEETING,2,GATE MEETING,GATE MEETING,100.0,BIN WASHING,0.0,LFC,0.0,True
C:/Users/sarun/OneDrive/Desktop/cesppl-internship/data/cesppl_processed/GATE MEETING/image1302__jpeg.jpg,2,GATE MEETING,2,GATE MEETING,GATE MEETING,99.96,PRIMARY COLLECTION,0.04,MANUAL BEACH CLEANING,0.0,True
C:/Users/sarun/OneDrive/Desktop/cesppl-internship/data/cesppl_processed/GATE MEETING/image1306__jpeg.jpg,2,GATE MEETING,2,GATE MEETING,GATE MEETING,99.4,MECHANIZED BEACH CLEANING,0.43,LFC,0.08,True
C:/Users/sarun/OneDrive/Desktop/cesppl-internship/data/cesppl_processed/GATE MEETING/image1315__jpeg.jpg,2,GATE MEETING,2,GATE MEETING,GATE MEETING,99.93,LFC,0.04,MECHANIZED BEACH CLEANING,0.02,True
C:/Users/sarun/OneDrive/Desktop/cesppl-internship/data/cesppl_processed/GATE MEETING/image1316__jpeg.jpg,2,GATE MEETING,2,GATE MEETING,GATE MEETING,99.97,ROAD SWEEPING,0.02,PRIMARY COLLECTION,0.0,True
C:/Users/sarun/OneDrive/Desktop/cesppl-internship/data/cesppl_processed/GATE MEETING/image1352__jpeg.jpg,2,GATE MEETING,2,GATE MEETING,GATE MEETING,99.83,PRIMARY COLLECTION,0.17,MANUAL BEACH CLEANING,0.0,True
C:/Users/sarun/OneDrive/Desktop/cesppl-internship/data/cesppl_processed/GATE MEETING/image1353__jpeg.jpg,2,GATE MEETING,2,GATE MEETING,GATE MEETING,99.99,LFC,0.0,ROAD SWEEPING,0.0,True
C:/Users/sarun/OneDrive/Desktop/cesppl-internship/data/cesppl_processed/GATE MEETING/image1364__jpeg.jpg,2,GATE MEETING,2,GATE MEETING,GATE MEETING,100.0,MANUAL BEACH CLEANING,0.0,PRIMARY COLLECTION,0.0,True
C:/Users/sarun/OneDrive/Desktop/cesppl-internship/data/cesppl_processed/GATE MEETING/image1365__jpeg.jpg,2,GATE MEETING,2,GATE MEETING,GATE MEETING,90.0,MANUAL BEACH CLEANING,5.44,PRIMARY COLLECTION,2.49,True
C:/Users/sarun/OneDrive/Desktop/cesppl-internship/data/cesppl_processed/GATE MEETING/image1369__jpeg.jpg,2,GATE MEETING,2,GATE MEETING,GATE MEETING,99.91,PRIMARY COLLECTION,0.03,BIN WASHING,0.03,True
C:/Users/sarun/OneDrive/Desktop/cesppl-internship/data/cesppl_processed/LFC/WhatsApp_Image_2026-04-01_at_7_38_04_PM__jpeg.jpg,3,LFC,9,SECONDARY VEHICLES,SECONDARY VEHICLES,55.34,GATE MEETING,25.58,LFC,7.42,False
C:/Users/sarun/OneDrive/Desktop/cesppl-internship/data/cesppl_processed/LFC/WhatsApp_Image_2026-04-03_at_8_47_49_AM__jpeg.jpg,3,LFC,3,LFC,LFC,82.91,ROAD SWEEPING,13.81,PRIMARY COLLECTION,1.81,True
C:/Users/sarun/OneDrive/Desktop/cesppl-internship/data/cesppl_processed/LFC/WhatsApp_Image_2026-04-19_at_5_07_59_PM__jpeg.jpg,3,LFC,3,LFC,LFC,98.17,PRIMARY COLLECTION,1.32,ROAD SWEEPING,0.5,True
C:/Users/sarun/OneDrive/Desktop/cesppl-internship/data/cesppl_processed/LFC/WhatsApp_Image_2026-04-21_at_7_50_48_AM__jpeg.jpg,3,LFC,3,LFC,LFC,86.24,ROAD SWEEPING,13.71,PRIMARY COLLECTION,0.05,True
C:/Users/sarun/OneDrive/Desktop/cesppl-internship/data/cesppl_processed/LFC/WhatsApp_Image_2026-04-22_at_10_17_04_AM__jpeg.jpg,3,LFC,3,LFC,LFC,99.96,PRIMARY COLLECTION,0.02,ROAD SWEEPING,0.01,True
C:/Users/sarun/OneDrive/Desktop/cesppl-internship/data/cesppl_processed/LFC/WhatsApp_Image_2026-04-22_at_6_50_34_PM__jpeg.jpg,3,LFC,3,LFC,LFC,89.64,SECONDARY VEHICLES,7.71,MECHANIZED BEACH CLEANING,1.15,True
C:/Users/sarun/OneDrive/Desktop/cesppl-internship/data/cesppl_processed/LFC/WhatsApp_Image_2026-04-23_at_5_06_48_PM__jpeg.jpg,3,LFC,3,LFC,LFC,99.41,ROAD SWEEPING,0.36,PRIMARY COLLECTION,0.19,True
C:/Users/sarun/OneDrive/Desktop/cesppl-internship/data/cesppl_processed/LFC/WhatsApp_Image_2026-04-27_at_6_20_36_PM__jpeg.jpg,3,LFC,3,LFC,LFC,98.0,PRIMARY COLLECTION,1.92,ROAD SWEEPING,0.05,True
C:/Users/sarun/OneDrive/Desktop/cesppl-internship/data/cesppl_processed/LFC/WhatsApp_Image_2026-07-03_at_7_56_27_AM__jpeg.jpg,3,LFC,3,LFC,LFC,81.87,BIN WASHING,11.89,PRIMARY COLLECTION,5.53,True
C:/Users/sarun/OneDrive/Desktop/cesppl-internship/data/cesppl_processed/LFC/WhatsApp_Image_2026-07-04_at_7_44_20_AM_1__jpeg.jpg,3,LFC,8,ROAD SWEEPING,ROAD SWEEPING,77.13,LFC,18.95,MANUAL BEACH CLEANING,3.2,False
C:/Users/sarun/OneDrive/Desktop/cesppl-internship/data/cesppl_processed/LFC/WhatsApp_Image_2026-07-07_at_8_47_42_AM__jpeg.jpg,3,LFC,4,MANUAL BEACH CLEANING,MANUAL BEACH CLEANING,94.03,LFC,3.2,GATE MEETING,1.2,False
C:/Users/sarun/OneDrive/Desktop/cesppl-internship/data/cesppl_processed/LFC/WhatsApp_Image_2026-07-07_at_9_20_35_AM_1__jpeg.jpg,3,LFC,3,LFC,LFC,92.74,ROAD SWEEPING,6.29,BIN WASHING,0.5,True
C:/Users/sarun/OneDrive/Desktop/cesppl-internship/data/cesppl_processed/LFC/WhatsApp_Image_2026-07-09_at_6_25_56_PM__jpeg.jpg,3,LFC,4,MANUAL BEACH CLEANING,MANUAL BEACH CLEANING,95.99,LFC,2.35,PRIMARY COLLECTION,0.68,False
C:/Users/sarun/OneDrive/Desktop/cesppl-internship/data/cesppl_processed/LFC/image102__jpeg.jpg,3,LFC,3,LFC,LFC,85.41,ROAD SWEEPING,11.31,BIN WASHING,2.91,True
C:/Users/sarun/OneDrive/Desktop/cesppl-internship/data/cesppl_processed/LFC/image103__jpeg.jpg,3,LFC,8,ROAD SWEEPING,ROAD SWEEPING,88.53,LFC,10.01,BIN WASHING,1.14,False
C:/Users/sarun/OneDrive/Desktop/cesppl-internship/data/cesppl_processed/LFC/image109__jpeg.jpg,3,LFC,3,LFC,LFC,98.92,ROAD SWEEPING,0.54,BIN WASHING,0.38,True
C:/Users/sarun/OneDrive/Desktop/cesppl-internship/data/cesppl_processed/LFC/image115__jpeg.jpg,3,LFC,3,LFC,LFC,99.78,ROAD SWEEPING,0.13,PRIMARY COLLECTION,0.08,True
C:/Users/sarun/OneDrive/Desktop/cesppl-internship/data/cesppl_processed/LFC/image127__jpeg.jpg,3,LFC,8,ROAD SWEEPING,ROAD SWEEPING,79.27,LFC,20.67,PRIMARY COLLECTION,0.04,False
C:/Users/sarun/OneDrive/Desktop/cesppl-internship/data/cesppl_processed/LFC/image138__jpeg.jpg,3,LFC,3,LFC,LFC,86.51,ROAD SWEEPING,9.16,MANUAL BEACH CLEANING,3.3,True
C:/Users/sarun/OneDrive/Desktop/cesppl-internship/data/cesppl_processed/LFC/image146__jpeg.jpg,3,LFC,3,LFC,LFC,83.29,ROAD SWEEPING,8.18,BIN WASHING,5.42,True
C:/Users/sarun/OneDrive/Desktop/cesppl-internship/data/cesppl_processed/MANUAL BEACH CLEANING/WhatsApp_Image_2026-07-01_at_10_30_21_AM__jpeg.jpg,4,MANUAL BEACH CLEANING,4,MANUAL BEACH CLEANING,MANUAL BEACH CLEANING,98.13,MECHANIZED BEACH CLEANING,1.73,GATE MEETING,0.11,True
C:/Users/sarun/OneDrive/Desktop/cesppl-internship/data/cesppl_processed/MANUAL BEACH CLEANING/WhatsApp_Image_2026-07-01_at_10_30_22_AM__jpeg.jpg,4,MANUAL BEACH CLEANING,4,MANUAL BEACH CLEANING,MANUAL BEACH CLEANING,97.09,MECHANIZED BEACH CLEANING,2.45,GATE MEETING,0.45,True
C:/Users/sarun/OneDrive/Desktop/cesppl-internship/data/cesppl_processed/MANUAL BEACH CLEANING/WhatsApp_Image_2026-07-01_at_10_30_23_AM__jpeg.jpg,4,MANUAL BEACH CLEANING,4,MANUAL BEACH CLEANING,MANUAL BEACH CLEANING,99.49,ROAD SWEEPING,0.49,MECHANIZED BEACH CLEANING,0.02,True
C:/Users/sarun/OneDrive/Desktop/cesppl-internship/data/cesppl_processed/MANUAL BEACH CLEANING/WhatsApp_Image_2026-07-01_at_10_30_36_AM__jpeg.jpg,4,MANUAL BEACH CLEANING,4,MANUAL BEACH CLEANING,MANUAL BEACH CLEANING,98.94,MECHANIZED BEACH CLEANING,1.06,GATE MEETING,0.0,True
C:/Users/sarun/OneDrive/Desktop/cesppl-internship/data/cesppl_processed/MANUAL BEACH CLEANING/WhatsApp_Image_2026-07-01_at_11_46_14_PM__jpeg.jpg,4,MANUAL BEACH CLEANING,4,MANUAL BEACH CLEANING,MANUAL BEACH CLEANING,88.5,ROAD SWEEPING,6.24,LFC,3.2,True
C:/Users/sarun/OneDrive/Desktop/cesppl-internship/data/cesppl_processed/MANUAL BEACH CLEANING/WhatsApp_Image_2026-07-01_at_11_51_54_AM_1__jpeg.jpg,4,MANUAL BEACH CLEANING,4,MANUAL BEACH CLEANING,MANUAL BEACH CLEANING,99.91,MECHANIZED BEACH CLEANING,0.09,GATE MEETING,0.0,True
C:/Users/sarun/OneDrive/Desktop/cesppl-internship/data/cesppl_processed/MANUAL BEACH CLEANING/WhatsApp_Image_2026-07-01_at_11_51_55_AM_1__jpeg.jpg,4,MANUAL BEACH CLEANING,4,MANUAL BEACH CLEANING,MANUAL BEACH CLEANING,99.98,MECHANIZED BEACH CLEANING,0.01,ROAD SWEEPING,0.0,True
C:/Users/sarun/OneDrive/Desktop/cesppl-internship/data/cesppl_processed/MANUAL BEACH CLEANING/WhatsApp_Image_2026-07-01_at_1_00_42_AM__jpeg.jpg,4,MANUAL BEACH CLEANING,4,MANUAL BEACH CLEANING,MANUAL BEACH CLEANING,100.0,MECHANIZED BEACH CLEANING,0.0,SECONDARY VEHICLES,0.0,True
C:/Users/sarun/OneDrive/Desktop/cesppl-internship/data/cesppl_processed/MANUAL BEACH CLEANING/WhatsApp_Image_2026-07-01_at_3_59_11_PM__jpeg.jpg,4,MANUAL BEACH CLEANING,4,MANUAL BEACH CLEANING,MANUAL BEACH CLEANING,100.0,MECHANIZED BEACH CLEANING,0.0,ROAD SWEEPING,0.0,True
C:/Users/sarun/OneDrive/Desktop/cesppl-internship/data/cesppl_processed/MANUAL BEACH CLEANING/WhatsApp_Image_2026-07-01_at_4_01_32_PM_1__jpeg.jpg,4,MANUAL BEACH CLEANING,4,MANUAL BEACH CLEANING,MANUAL BEACH CLEANING,100.0,MECHANIZED BEACH CLEANING,0.0,ROAD SWEEPING,0.0,True
C:/Users/sarun/OneDrive/Desktop/cesppl-internship/data/cesppl_processed/MANUAL BEACH CLEANING/WhatsApp_Image_2026-07-01_at_4_22_45_AM__jpeg.jpg,4,MANUAL BEACH CLEANING,4,MANUAL BEACH CLEANING,MANUAL BEACH CLEANING,99.95,MECHANIZED BEACH CLEANING,0.02,SECONDARY VEHICLES,0.01,True
C:/Users/sarun/OneDrive/Desktop/cesppl-internship/data/cesppl_processed/MANUAL BEACH CLEANING/WhatsApp_Image_2026-07-01_at_5_10_14_PM__jpeg.jpg,4,MANUAL BEACH CLEANING,4,MANUAL BEACH CLEANING,MANUAL BEACH CLEANING,99.99,SECONDARY VEHICLES,0.0,MECHANIZED BEACH CLEANING,0.0,True
C:/Users/sarun/OneDrive/Desktop/cesppl-internship/data/cesppl_processed/MANUAL BEACH CLEANING/WhatsApp_Image_2026-07-01_at_6_34_52_AM_1__jpeg.jpg,4,MANUAL BEACH CLEANING,4,MANUAL BEACH CLEANING,MANUAL BEACH CLEANING,100.0,SECONDARY VEHICLES,0.0,MECHANIZED BEACH CLEANING,0.0,True
C:/Users/sarun/OneDrive/Desktop/cesppl-internship/data/cesppl_processed/MANUAL BEACH CLEANING/WhatsApp_Image_2026-07-01_at_6_34_53_AM__jpeg.jpg,4,MANUAL BEACH CLEANING,4,MANUAL BEACH CLEANING,MANUAL BEACH CLEANING,100.0,MECHANIZED BEACH CLEANING,0.0,GATE MEETING,0.0,True
C:/Users/sarun/OneDrive/Desktop/cesppl-internship/data/cesppl_processed/MANUAL BEACH CLEANING/WhatsApp_Image_2026-07-01_at_7_26_28_AM_1__jpeg.jpg,4,MANUAL BEACH CLEANING,4,MANUAL BEACH CLEANING,MANUAL BEACH CLEANING,84.54,GATE MEETING,5.65,BIN WASHING,4.24,True
C:/Users/sarun/OneDrive/Desktop/cesppl-internship/data/cesppl_processed/MANUAL BEACH CLEANING/WhatsApp_Image_2026-07-01_at_8_03_08_AM_1__jpeg.jpg,4,MANUAL BEACH CLEANING,4,MANUAL BEACH CLEANING,MANUAL BEACH CLEANING,99.99,ROAD SWEEPING,0.01,MECHANIZED BEACH CLEANING,0.0,True
C:/Users/sarun/OneDrive/Desktop/cesppl-internship/data/cesppl_processed/MANUAL BEACH CLEANING/WhatsApp_Image_2026-07-01_at_8_19_08_AM__jpeg.jpg,4,MANUAL BEACH CLEANING,4,MANUAL BEACH CLEANING,MANUAL BEACH CLEANING,100.0,MECHANIZED BEACH CLEANING,0.0,SECONDARY VEHICLES,0.0,True
C:/Users/sarun/OneDrive/Desktop/cesppl-internship/data/cesppl_processed/MANUAL BEACH CLEANING/WhatsApp_Image_2026-07-01_at_8_43_32_AM_1__jpeg.jpg,4,MANUAL BEACH CLEANING,4,MANUAL BEACH CLEANING,MANUAL BEACH CLEANING,99.97,ROAD SWEEPING,0.03,MECHANIZED BEACH CLEANING,0.0,True
C:/Users/sarun/OneDrive/Desktop/cesppl-internship/data/cesppl_processed/MANUAL BEACH CLEANING/WhatsApp_Image_2026-07-01_at_8_44_42_AM_1__jpeg.jpg,4,MANUAL BEACH CLEANING,4,MANUAL BEACH CLEANING,MANUAL BEACH CLEANING,100.0,MECHANIZED BEACH CLEANING,0.0,ROAD SWEEPING,0.0,True
C:/Users/sarun/OneDrive/Desktop/cesppl-internship/data/cesppl_processed/MANUAL BEACH CLEANING/WhatsApp_Image_2026-07-01_at_9_19_16_AM__jpeg.jpg,4,MANUAL BEACH CLEANING,4,MANUAL BEACH CLEANING,MANUAL BEACH CLEANING,99.92,GATE MEETING,0.06,PRIMARY COLLECTION,0.01,True
C:/Users/sarun/OneDrive/Desktop/cesppl-internship/data/cesppl_processed/MANUAL BEACH CLEANING/WhatsApp_Image_2026-07-01_at_9_19_18_AM_1__jpeg.jpg,4,MANUAL BEACH CLEANING,4,MANUAL BEACH CLEANING,MANUAL BEACH CLEANING,99.78,SECONDARY VEHICLES,0.12,PRIMARY COLLECTION,0.04,True
C:/Users/sarun/OneDrive/Desktop/cesppl-internship/data/cesppl_processed/MANUAL BEACH CLEANING/WhatsApp_Image_2026-07-01_at_9_19_18_AM__jpeg.jpg,4,MANUAL BEACH CLEANING,4,MANUAL BEACH CLEANING,MANUAL BEACH CLEANING,99.94,PRIMARY COLLECTION,0.03,ROAD SWEEPING,0.03,True
C:/Users/sarun/OneDrive/Desktop/cesppl-internship/data/cesppl_processed/MANUAL BEACH CLEANING/WhatsApp_Image_2026-07-02_at_11_23_05_PM__jpeg.jpg,4,MANUAL BEACH CLEANING,4,MANUAL BEACH CLEANING,MANUAL BEACH CLEANING,98.02,ROAD SWEEPING,1.85,SECONDARY VEHICLES,0.06,True
C:/Users/sarun/OneDrive/Desktop/cesppl-internship/data/cesppl_processed/MANUAL BEACH CLEANING/WhatsApp_Image_2026-07-02_at_11_41_48_AM__jpeg.jpg,4,MANUAL BEACH CLEANING,4,MANUAL BEACH CLEANING,MANUAL BEACH CLEANING,100.0,ROAD SWEEPING,0.0,MECHANIZED BEACH CLEANING,0.0,True
C:/Users/sarun/OneDrive/Desktop/cesppl-internship/data/cesppl_processed/MANUAL BEACH CLEANING/WhatsApp_Image_2026-07-02_at_11_51_09_PM__jpeg.jpg,4,MANUAL BEACH CLEANING,4,MANUAL BEACH CLEANING,MANUAL BEACH CLEANING,98.02,ROAD SWEEPING,1.57,SECONDARY VEHICLES,0.29,True
C:/Users/sarun/OneDrive/Desktop/cesppl-internship/data/cesppl_processed/MANUAL BEACH CLEANING/WhatsApp_Image_2026-07-02_at_11_51_10_PM_1__jpeg.jpg,4,MANUAL BEACH CLEANING,4,MANUAL BEACH CLEANING,MANUAL BEACH CLEANING,99.8,ROAD SWEEPING,0.18,GATE MEETING,0.01,True
C:/Users/sarun/OneDrive/Desktop/cesppl-internship/data/cesppl_processed/MANUAL BEACH CLEANING/WhatsApp_Image_2026-07-02_at_12_37_12_PM_1__jpeg.jpg,4,MANUAL BEACH CLEANING,4,MANUAL BEACH CLEANING,MANUAL BEACH CLEANING,100.0,MECHANIZED BEACH CLEANING,0.0,SECONDARY VEHICLES,0.0,True
C:/Users/sarun/OneDrive/Desktop/cesppl-internship/data/cesppl_processed/MANUAL BEACH CLEANING/WhatsApp_Image_2026-07-02_at_3_33_26_PM__jpeg.jpg,4,MANUAL BEACH CLEANING,4,MANUAL BEACH CLEANING,MANUAL BEACH CLEANING,99.98,MECHANIZED BEACH CLEANING,0.02,GATE MEETING,0.0,True
C:/Users/sarun/OneDrive/Desktop/cesppl-internship/data/cesppl_processed/MANUAL BEACH CLEANING/WhatsApp_Image_2026-07-02_at_3_33_54_PM__jpeg.jpg,4,MANUAL BEACH CLEANING,4,MANUAL BEACH CLEANING,MANUAL BEACH CLEANING,98.5,MECHANIZED BEACH CLEANING,1.42,ROAD SWEEPING,0.03,True
C:/Users/sarun/OneDrive/Desktop/cesppl-internship/data/cesppl_processed/MANUAL BEACH CLEANING/WhatsApp_Image_2026-07-02_at_3_33_57_PM__jpeg.jpg,4,MANUAL BEACH CLEANING,4,MANUAL BEACH CLEANING,MANUAL BEACH CLEANING,97.14,MECHANIZED BEACH CLEANING,2.7,LFC,0.08,True
C:/Users/sarun/OneDrive/Desktop/cesppl-internship/data/cesppl_processed/MANUAL BEACH CLEANING/WhatsApp_Image_2026-07-02_at_4_35_32_PM_2__jpeg.jpg,4,MANUAL BEACH CLEANING,4,MANUAL BEACH CLEANING,MANUAL BEACH CLEANING,100.0,SECONDARY VEHICLES,0.0,ROAD SWEEPING,0.0,True
C:/Users/sarun/OneDrive/Desktop/cesppl-internship/data/cesppl_processed/MANUAL BEACH CLEANING/WhatsApp_Image_2026-07-02_at_5_42_49_AM_1__jpeg.jpg,4,MANUAL BEACH CLEANING,4,MANUAL BEACH CLEANING,MANUAL BEACH CLEANING,99.66,MECHANIZED BEACH CLEANING,0.11,LFC,0.1,True
C:/Users/sarun/OneDrive/Desktop/cesppl-internship/data/cesppl_processed/MANUAL BEACH CLEANING/WhatsApp_Image_2026-07-02_at_5_45_15_PM_1__jpeg.jpg,4,MANUAL BEACH CLEANING,4,MANUAL BEACH CLEANING,MANUAL BEACH CLEANING,86.25,SECONDARY VEHICLES,13.57,MECHANIZED BEACH CLEANING,0.14,True
C:/Users/sarun/OneDrive/Desktop/cesppl-internship/data/cesppl_processed/MANUAL BEACH CLEANING/WhatsApp_Image_2026-07-02_at_6_14_04_PM_1__jpeg.jpg,4,MANUAL BEACH CLEANING,4,MANUAL BEACH CLEANING,MANUAL BEACH CLEANING,98.4,MECHANIZED BEACH CLEANING,1.59,ROAD SWEEPING,0.01,True
C:/Users/sarun/OneDrive/Desktop/cesppl-internship/data/cesppl_processed/MANUAL BEACH CLEANING/WhatsApp_Image_2026-07-02_at_7_05_35_AM__jpeg.jpg,4,MANUAL BEACH CLEANING,4,MANUAL BEACH CLEANING,MANUAL BEACH CLEANING,99.7,ROAD SWEEPING,0.28,LFC,0.01,True
C:/Users/sarun/OneDrive/Desktop/cesppl-internship/data/cesppl_processed/MANUAL BEACH CLEANING/WhatsApp_Image_2026-07-02_at_7_45_52_AM_1__jpeg.jpg,4,MANUAL BEACH CLEANING,4,MANUAL BEACH CLEANING,MANUAL BEACH CLEANING,100.0,MECHANIZED BEACH CLEANING,0.0,SECONDARY VEHICLES,0.0,True
C:/Users/sarun/OneDrive/Desktop/cesppl-internship/data/cesppl_processed/MANUAL BEACH CLEANING/WhatsApp_Image_2026-07-02_at_7_45_52_AM__jpeg.jpg,4,MANUAL BEACH CLEANING,4,MANUAL BEACH CLEANING,MANUAL BEACH CLEANING,100.0,ROAD SWEEPING,0.0,BIN WASHING,0.0,True
C:/Users/sarun/OneDrive/Desktop/cesppl-internship/data/cesppl_processed/MANUAL BEACH CLEANING/WhatsApp_Image_2026-07-02_at_8_11_36_AM__jpeg.jpg,4,MANUAL BEACH CLEANING,4,MANUAL BEACH CLEANING,MANUAL BEACH CLEANING,99.01,SECONDARY VEHICLES,0.49,PRIMARY COLLECTION,0.14,True
C:/Users/sarun/OneDrive/Desktop/cesppl-internship/data/cesppl_processed/MANUAL BEACH CLEANING/WhatsApp_Image_2026-07-02_at_8_25_09_AM_1__jpeg.jpg,4,MANUAL BEACH CLEANING,4,MANUAL BEACH CLEANING,MANUAL BEACH CLEANING,99.92,MECHANIZED BEACH CLEANING,0.05,SECONDARY VEHICLES,0.02,True
C:/Users/sarun/OneDrive/Desktop/cesppl-internship/data/cesppl_processed/MANUAL BEACH CLEANING/WhatsApp_Image_2026-07-03_at_10_59_01_PM_1__jpeg.jpg,4,MANUAL BEACH CLEANING,4,MANUAL BEACH CLEANING,MANUAL BEACH CLEANING,99.75,ROAD SWEEPING,0.15,GATE MEETING,0.07,True
C:/Users/sarun/OneDrive/Desktop/cesppl-internship/data/cesppl_processed/MANUAL BEACH CLEANING/WhatsApp_Image_2026-07-03_at_10_59_02_PM_1__jpeg.jpg,4,MANUAL BEACH CLEANING,4,MANUAL BEACH CLEANING,MANUAL BEACH CLEANING,100.0,ROAD SWEEPING,0.0,MECHANIZED BEACH CLEANING,0.0,True
C:/Users/sarun/OneDrive/Desktop/cesppl-internship/data/cesppl_processed/MANUAL BEACH CLEANING/WhatsApp_Image_2026-07-03_at_10_59_03_PM_2__jpeg.jpg,4,MANUAL BEACH CLEANING,4,MANUAL BEACH CLEANING,MANUAL BEACH CLEANING,99.82,ROAD SWEEPING,0.17,SECONDARY VEHICLES,0.0,True
C:/Users/sarun/OneDrive/Desktop/cesppl-internship/data/cesppl_processed/MANUAL BEACH CLEANING/WhatsApp_Image_2026-07-03_at_1_00_55_PM_1__jpeg.jpg,4,MANUAL BEACH CLEANING,4,MANUAL BEACH CLEANING,MANUAL BEACH CLEANING,99.9,MECHANIZED BEACH CLEANING,0.08,SECONDARY VEHICLES,0.01,True
C:/Users/sarun/OneDrive/Desktop/cesppl-internship/data/cesppl_processed/MANUAL BEACH CLEANING/WhatsApp_Image_2026-07-03_at_1_00_55_PM__jpeg.jpg,4,MANUAL BEACH CLEANING,4,MANUAL BEACH CLEANING,MANUAL BEACH CLEANING,99.99,MECHANIZED BEACH CLEANING,0.0,ROAD SWEEPING,0.0,True
C:/Users/sarun/OneDrive/Desktop/cesppl-internship/data/cesppl_processed/MANUAL BEACH CLEANING/WhatsApp_Image_2026-07-03_at_1_03_44_PM__jpeg.jpg,4,MANUAL BEACH CLEANING,4,MANUAL BEACH CLEANING,MANUAL BEACH CLEANING,100.0,MECHANIZED BEACH CLEANING,0.0,ROAD SWEEPING,0.0,True
C:/Users/sarun/OneDrive/Desktop/cesppl-internship/data/cesppl_processed/MANUAL BEACH CLEANING/WhatsApp_Image_2026-07-03_at_1_28_25_PM__jpeg.jpg,4,MANUAL BEACH CLEANING,4,MANUAL BEACH CLEANING,MANUAL BEACH CLEANING,99.91,ROAD SWEEPING,0.08,SECONDARY VEHICLES,0.0,True
C:/Users/sarun/OneDrive/Desktop/cesppl-internship/data/cesppl_processed/MANUAL BEACH CLEANING/WhatsApp_Image_2026-07-03_at_3_05_58_PM__jpeg.jpg,4,MANUAL BEACH CLEANING,4,MANUAL BEACH CLEANING,MANUAL BEACH CLEANING,100.0,ROAD SWEEPING,0.0,MECHANIZED BEACH CLEANING,0.0,True
C:/Users/sarun/OneDrive/Desktop/cesppl-internship/data/cesppl_processed/MANUAL BEACH CLEANING/WhatsApp_Image_2026-07-03_at_4_53_26_PM__jpeg.jpg,4,MANUAL BEACH CLEANING,4,MANUAL BEACH CLEANING,MANUAL BEACH CLEANING,65.95,GATE MEETING,33.7,PRIMARY COLLECTION,0.2,True
C:/Users/sarun/OneDrive/Desktop/cesppl-internship/data/cesppl_processed/MANUAL BEACH CLEANING/WhatsApp_Image_2026-07-03_at_4_53_29_PM_1__jpeg.jpg,4,MANUAL BEACH CLEANING,4,MANUAL BEACH CLEANING,MANUAL BEACH CLEANING,97.76,GATE MEETING,1.81,MECHANIZED BEACH CLEANING,0.37,True
C:/Users/sarun/OneDrive/Desktop/cesppl-internship/data/cesppl_processed/MANUAL BEACH CLEANING/WhatsApp_Image_2026-07-03_at_6_44_21_PM_1__jpeg.jpg,4,MANUAL BEACH CLEANING,4,MANUAL BEACH CLEANING,MANUAL BEACH CLEANING,90.38,ROAD SWEEPING,9.58,LFC,0.02,True
C:/Users/sarun/OneDrive/Desktop/cesppl-internship/data/cesppl_processed/MANUAL BEACH CLEANING/WhatsApp_Image_2026-07-03_at_6_45_57_PM__jpeg.jpg,4,MANUAL BEACH CLEANING,4,MANUAL BEACH CLEANING,MANUAL BEACH CLEANING,99.86,MECHANIZED BEACH CLEANING,0.14,SECONDARY VEHICLES,0.0,True
C:/Users/sarun/OneDrive/Desktop/cesppl-internship/data/cesppl_processed/MANUAL BEACH CLEANING/WhatsApp_Image_2026-07-03_at_7_54_38_AM_1__jpeg.jpg,4,MANUAL BEACH CLEANING,4,MANUAL BEACH CLEANING,MANUAL BEACH CLEANING,98.73,MECHANIZED BEACH CLEANING,1.13,GATE MEETING,0.07,True
C:/Users/sarun/OneDrive/Desktop/cesppl-internship/data/cesppl_processed/MANUAL BEACH CLEANING/WhatsApp_Image_2026-07-03_at_7_54_38_AM__jpeg.jpg,4,MANUAL BEACH CLEANING,4,MANUAL BEACH CLEANING,MANUAL BEACH CLEANING,99.92,MECHANIZED BEACH CLEANING,0.08,SECONDARY VEHICLES,0.0,True
C:/Users/sarun/OneDrive/Desktop/cesppl-internship/data/cesppl_processed/MANUAL BEACH CLEANING/WhatsApp_Image_2026-07-03_at_7_54_40_AM__jpeg.jpg,4,MANUAL BEACH CLEANING,4,MANUAL BEACH CLEANING,MANUAL BEACH CLEANING,99.82,MECHANIZED BEACH CLEANING,0.13,SECONDARY VEHICLES,0.04,True
C:/Users/sarun/OneDrive/Desktop/cesppl-internship/data/cesppl_processed/MANUAL BEACH CLEANING/WhatsApp_Image_2026-07-03_at_8_06_11_AM_1__jpeg.jpg,4,MANUAL BEACH CLEANING,4,MANUAL BEACH CLEANING,MANUAL BEACH CLEANING,100.0,ROAD SWEEPING,0.0,MECHANIZED BEACH CLEANING,0.0,True
C:/Users/sarun/OneDrive/Desktop/cesppl-internship/data/cesppl_processed/MANUAL BEACH CLEANING/WhatsApp_Image_2026-07-03_at_8_06_12_AM_1__jpeg.jpg,4,MANUAL BEACH CLEANING,4,MANUAL BEACH CLEANING,MANUAL BEACH CLEANING,99.98,MECHANIZED BEACH CLEANING,0.02,ROAD SWEEPING,0.0,True
C:/Users/sarun/OneDrive/Desktop/cesppl-internship/data/cesppl_processed/MANUAL BEACH CLEANING/WhatsApp_Image_2026-07-03_at_8_21_34_PM_1__jpeg.jpg,4,MANUAL BEACH CLEANING,4,MANUAL BEACH CLEANING,MANUAL BEACH CLEANING,99.81,GATE MEETING,0.19,SECONDARY VEHICLES,0.0,True
C:/Users/sarun/OneDrive/Desktop/cesppl-internship/data/cesppl_processed/MANUAL BEACH CLEANING/WhatsApp_Image_2026-07-03_at_8_21_36_PM__jpeg.jpg,4,MANUAL BEACH CLEANING,4,MANUAL BEACH CLEANING,MANUAL BEACH CLEANING,98.31,GATE MEETING,1.66,SECONDARY VEHICLES,0.04,True
C:/Users/sarun/OneDrive/Desktop/cesppl-internship/data/cesppl_processed/MANUAL BEACH CLEANING/WhatsApp_Image_2026-07-03_at_8_22_34_AM__jpeg.jpg,4,MANUAL BEACH CLEANING,4,MANUAL BEACH CLEANING,MANUAL BEACH CLEANING,100.0,MECHANIZED BEACH CLEANING,0.0,ROAD SWEEPING,0.0,True
C:/Users/sarun/OneDrive/Desktop/cesppl-internship/data/cesppl_processed/MANUAL BEACH CLEANING/WhatsApp_Image_2026-07-03_at_8_46_13_AM_2__jpeg.jpg,4,MANUAL BEACH CLEANING,4,MANUAL BEACH CLEANING,MANUAL BEACH CLEANING,98.85,MECHANIZED BEACH CLEANING,1.06,SECONDARY VEHICLES,0.03,True
C:/Users/sarun/OneDrive/Desktop/cesppl-internship/data/cesppl_processed/MANUAL BEACH CLEANING/WhatsApp_Image_2026-07-03_at_9_13_41_AM__jpeg.jpg,4,MANUAL BEACH CLEANING,2,GATE MEETING,GATE MEETING,55.72,MANUAL BEACH CLEANING,44.24,MECHANIZED BEACH CLEANING,0.04,False
C:/Users/sarun/OneDrive/Desktop/cesppl-internship/data/cesppl_processed/MANUAL BEACH CLEANING/WhatsApp_Image_2026-07-04_at_10_25_47_PM_1__jpeg.jpg,4,MANUAL BEACH CLEANING,4,MANUAL BEACH CLEANING,MANUAL BEACH CLEANING,100.0,ROAD SWEEPING,0.0,LFC,0.0,True
C:/Users/sarun/OneDrive/Desktop/cesppl-internship/data/cesppl_processed/MANUAL BEACH CLEANING/WhatsApp_Image_2026-07-04_at_11_22_36_PM_2__jpeg.jpg,4,MANUAL BEACH CLEANING,4,MANUAL BEACH CLEANING,MANUAL BEACH CLEANING,99.32,SECONDARY VEHICLES,0.55,PRIMARY COLLECTION,0.04,True
C:/Users/sarun/OneDrive/Desktop/cesppl-internship/data/cesppl_processed/MANUAL BEACH CLEANING/WhatsApp_Image_2026-07-04_at_11_22_36_PM__jpeg.jpg,4,MANUAL BEACH CLEANING,4,MANUAL BEACH CLEANING,MANUAL BEACH CLEANING,99.93,ROAD SWEEPING,0.06,SECONDARY VEHICLES,0.0,True
C:/Users/sarun/OneDrive/Desktop/cesppl-internship/data/cesppl_processed/MANUAL BEACH CLEANING/WhatsApp_Image_2026-07-04_at_11_22_37_PM__jpeg.jpg,4,MANUAL BEACH CLEANING,4,MANUAL BEACH CLEANING,MANUAL BEACH CLEANING,99.8,ROAD SWEEPING,0.1,GATE MEETING,0.07,True
C:/Users/sarun/OneDrive/Desktop/cesppl-internship/data/cesppl_processed/MANUAL BEACH CLEANING/WhatsApp_Image_2026-07-04_at_11_22_38_PM_1__jpeg.jpg,4,MANUAL BEACH CLEANING,4,MANUAL BEACH CLEANING,MANUAL BEACH CLEANING,87.79,GATE MEETING,9.66,ROAD SWEEPING,1.11,True
C:/Users/sarun/OneDrive/Desktop/cesppl-internship/data/cesppl_processed/MANUAL BEACH CLEANING/WhatsApp_Image_2026-07-04_at_11_24_18_AM_1__jpeg.jpg,4,MANUAL BEACH CLEANING,4,MANUAL BEACH CLEANING,MANUAL BEACH CLEANING,100.0,MECHANIZED BEACH CLEANING,0.0,ROAD SWEEPING,0.0,True
C:/Users/sarun/OneDrive/Desktop/cesppl-internship/data/cesppl_processed/MANUAL BEACH CLEANING/WhatsApp_Image_2026-07-04_at_11_37_27_AM_2__jpeg.jpg,4,MANUAL BEACH CLEANING,4,MANUAL BEACH CLEANING,MANUAL BEACH CLEANING,100.0,MECHANIZED BEACH CLEANING,0.0,SECONDARY VEHICLES,0.0,True
C:/Users/sarun/OneDrive/Desktop/cesppl-internship/data/cesppl_processed/MANUAL BEACH CLEANING/WhatsApp_Image_2026-07-04_at_2_10_48_PM__jpeg.jpg,4,MANUAL BEACH CLEANING,4,MANUAL BEACH CLEANING,MANUAL BEACH CLEANING,100.0,MECHANIZED BEACH CLEANING,0.0,ROAD SWEEPING,0.0,True
C:/Users/sarun/OneDrive/Desktop/cesppl-internship/data/cesppl_processed/MANUAL BEACH CLEANING/WhatsApp_Image_2026-07-04_at_2_24_08_AM__jpeg.jpg,4,MANUAL BEACH CLEANING,4,MANUAL BEACH CLEANING,MANUAL BEACH CLEANING,100.0,ROAD SWEEPING,0.0,LFC,0.0,True
C:/Users/sarun/OneDrive/Desktop/cesppl-internship/data/cesppl_processed/MANUAL BEACH CLEANING/WhatsApp_Image_2026-07-04_at_4_34_27_PM__jpeg.jpg,4,MANUAL BEACH CLEANING,4,MANUAL BEACH CLEANING,MANUAL BEACH CLEANING,100.0,MECHANIZED BEACH CLEANING,0.0,GATE MEETING,0.0,True
C:/Users/sarun/OneDrive/Desktop/cesppl-internship/data/cesppl_processed/MANUAL BEACH CLEANING/WhatsApp_Image_2026-07-04_at_4_35_19_PM_1__jpeg.jpg,4,MANUAL BEACH CLEANING,4,MANUAL BEACH CLEANING,MANUAL BEACH CLEANING,99.71,SECONDARY VEHICLES,0.18,PRIMARY COLLECTION,0.09,True
C:/Users/sarun/OneDrive/Desktop/cesppl-internship/data/cesppl_processed/MANUAL BEACH CLEANING/WhatsApp_Image_2026-07-04_at_4_44_51_PM__jpeg.jpg,4,MANUAL BEACH CLEANING,4,MANUAL BEACH CLEANING,MANUAL BEACH CLEANING,100.0,MECHANIZED BEACH CLEANING,0.0,ROAD SWEEPING,0.0,True
C:/Users/sarun/OneDrive/Desktop/cesppl-internship/data/cesppl_processed/MANUAL BEACH CLEANING/WhatsApp_Image_2026-07-04_at_5_07_46_PM__jpeg.jpg,4,MANUAL BEACH CLEANING,4,MANUAL BEACH CLEANING,MANUAL BEACH CLEANING,99.96,MECHANIZED BEACH CLEANING,0.04,SECONDARY VEHICLES,0.0,True
C:/Users/sarun/OneDrive/Desktop/cesppl-internship/data/cesppl_processed/MANUAL BEACH CLEANING/WhatsApp_Image_2026-07-04_at_9_03_29_AM__jpeg.jpg,4,MANUAL BEACH CLEANING,4,MANUAL BEACH CLEANING,MANUAL BEACH CLEANING,100.0,LFC,0.0,MECHANIZED BEACH CLEANING,0.0,True
C:/Users/sarun/OneDrive/Desktop/cesppl-internship/data/cesppl_processed/MANUAL BEACH CLEANING/WhatsApp_Image_2026-07-04_at_9_19_10_AM__jpeg.jpg,4,MANUAL BEACH CLEANING,4,MANUAL BEACH CLEANING,MANUAL BEACH CLEANING,59.27,BIN WASHING,37.45,LFC,0.88,True
C:/Users/sarun/OneDrive/Desktop/cesppl-internship/data/cesppl_processed/MANUAL BEACH CLEANING/WhatsApp_Image_2026-07-04_at_9_48_36_AM__jpeg.jpg,4,MANUAL BEACH CLEANING,4,MANUAL BEACH CLEANING,MANUAL BEACH CLEANING,99.61,MECHANIZED BEACH CLEANING,0.37,SECONDARY VEHICLES,0.01,True
C:/Users/sarun/OneDrive/Desktop/cesppl-internship/data/cesppl_processed/MANUAL BEACH CLEANING/WhatsApp_Image_2026-07-04_at_9_48_52_AM__jpeg.jpg,4,MANUAL BEACH CLEANING,4,MANUAL BEACH CLEANING,MANUAL BEACH CLEANING,100.0,MECHANIZED BEACH CLEANING,0.0,ROAD SWEEPING,0.0,True
C:/Users/sarun/OneDrive/Desktop/cesppl-internship/data/cesppl_processed/MANUAL BEACH CLEANING/WhatsApp_Image_2026-07-04_at_9_49_20_AM__jpeg.jpg,4,MANUAL BEACH CLEANING,4,MANUAL BEACH CLEANING,MANUAL BEACH CLEANING,99.57,MECHANIZED BEACH CLEANING,0.39,SECONDARY VEHICLES,0.05,True
C:/Users/sarun/OneDrive/Desktop/cesppl-internship/data/cesppl_processed/MANUAL BEACH CLEANING/WhatsApp_Image_2026-07-04_at_9_49_34_AM_1__jpeg.jpg,4,MANUAL BEACH CLEANING,4,MANUAL BEACH CLEANING,MANUAL BEACH CLEANING,98.93,MECHANIZED BEACH CLEANING,1.04,ROAD SWEEPING,0.02,True
C:/Users/sarun/OneDrive/Desktop/cesppl-internship/data/cesppl_processed/MANUAL BEACH CLEANING/WhatsApp_Image_2026-07-04_at_9_49_34_AM__jpeg.jpg,4,MANUAL BEACH CLEANING,4,MANUAL BEACH CLEANING,MANUAL BEACH CLEANING,99.06,ROAD SWEEPING,0.75,MECHANIZED BEACH CLEANING,0.17,True
C:/Users/sarun/OneDrive/Desktop/cesppl-internship/data/cesppl_processed/MANUAL BEACH CLEANING/WhatsApp_Image_2026-07-05_at_11_13_59_PM__jpeg.jpg,4,MANUAL BEACH CLEANING,4,MANUAL BEACH CLEANING,MANUAL BEACH CLEANING,97.46,ROAD SWEEPING,1.96,LFC,0.39,True
C:/Users/sarun/OneDrive/Desktop/cesppl-internship/data/cesppl_processed/MANUAL BEACH CLEANING/WhatsApp_Image_2026-07-05_at_11_30_38_AM_1__jpeg.jpg,4,MANUAL BEACH CLEANING,4,MANUAL BEACH CLEANING,MANUAL BEACH CLEANING,99.97,MECHANIZED BEACH CLEANING,0.03,ROAD SWEEPING,0.0,True
C:/Users/sarun/OneDrive/Desktop/cesppl-internship/data/cesppl_processed/MANUAL BEACH CLEANING/WhatsApp_Image_2026-07-05_at_12_34_06_AM_1__jpeg.jpg,4,MANUAL BEACH CLEANING,4,MANUAL BEACH CLEANING,MANUAL BEACH CLEANING,99.88,MECHANIZED BEACH CLEANING,0.12,SECONDARY VEHICLES,0.0,True
C:/Users/sarun/OneDrive/Desktop/cesppl-internship/data/cesppl_processed/MANUAL BEACH CLEANING/WhatsApp_Image_2026-07-05_at_12_34_07_AM__jpeg.jpg,4,MANUAL BEACH CLEANING,4,MANUAL BEACH CLEANING,MANUAL BEACH CLEANING,99.96,ROAD SWEEPING,0.02,SECONDARY VEHICLES,0.02,True
C:/Users/sarun/OneDrive/Desktop/cesppl-internship/data/cesppl_processed/MANUAL BEACH CLEANING/WhatsApp_Image_2026-07-05_at_1_41_05_AM_1__jpeg.jpg,4,MANUAL BEACH CLEANING,4,MANUAL BEACH CLEANING,MANUAL BEACH CLEANING,99.86,MECHANIZED BEACH CLEANING,0.14,LFC,0.0,True
C:/Users/sarun/OneDrive/Desktop/cesppl-internship/data/cesppl_processed/MANUAL BEACH CLEANING/WhatsApp_Image_2026-07-05_at_2_31_48_PM__jpeg.jpg,4,MANUAL BEACH CLEANING,4,MANUAL BEACH CLEANING,MANUAL BEACH CLEANING,100.0,MECHANIZED BEACH CLEANING,0.0,GATE MEETING,0.0,True
C:/Users/sarun/OneDrive/Desktop/cesppl-internship/data/cesppl_processed/MANUAL BEACH CLEANING/WhatsApp_Image_2026-07-05_at_3_27_31_PM__jpeg.jpg,4,MANUAL BEACH CLEANING,4,MANUAL BEACH CLEANING,MANUAL BEACH CLEANING,100.0,MECHANIZED BEACH CLEANING,0.0,ROAD SWEEPING,0.0,True
C:/Users/sarun/OneDrive/Desktop/cesppl-internship/data/cesppl_processed/MANUAL BEACH CLEANING/WhatsApp_Image_2026-07-05_at_3_44_26_PM__jpeg.jpg,4,MANUAL BEACH CLEANING,4,MANUAL BEACH CLEANING,MANUAL BEACH CLEANING,98.78,ROAD SWEEPING,1.21,GATE MEETING,0.0,True
C:/Users/sarun/OneDrive/Desktop/cesppl-internship/data/cesppl_processed/MANUAL BEACH CLEANING/WhatsApp_Image_2026-07-05_at_4_07_55_PM__jpeg.jpg,4,MANUAL BEACH CLEANING,4,MANUAL BEACH CLEANING,MANUAL BEACH CLEANING,99.84,SECONDARY VEHICLES,0.09,MECHANIZED BEACH CLEANING,0.06,True
C:/Users/sarun/OneDrive/Desktop/cesppl-internship/data/cesppl_processed/MANUAL BEACH CLEANING/WhatsApp_Image_2026-07-05_at_4_07_57_PM__jpeg.jpg,4,MANUAL BEACH CLEANING,4,MANUAL BEACH CLEANING,MANUAL BEACH CLEANING,100.0,SECONDARY VEHICLES,0.0,MECHANIZED BEACH CLEANING,0.0,True
C:/Users/sarun/OneDrive/Desktop/cesppl-internship/data/cesppl_processed/MANUAL BEACH CLEANING/WhatsApp_Image_2026-07-05_at_4_21_28_PM__jpeg.jpg,4,MANUAL BEACH CLEANING,4,MANUAL BEACH CLEANING,MANUAL BEACH CLEANING,99.96,SECONDARY VEHICLES,0.03,MECHANIZED BEACH CLEANING,0.01,True
C:/Users/sarun/OneDrive/Desktop/cesppl-internship/data/cesppl_processed/MANUAL BEACH CLEANING/WhatsApp_Image_2026-07-05_at_4_51_26_PM_1__jpeg.jpg,4,MANUAL BEACH CLEANING,4,MANUAL BEACH CLEANING,MANUAL BEACH CLEANING,100.0,MECHANIZED BEACH CLEANING,0.0,ROAD SWEEPING,0.0,True
C:/Users/sarun/OneDrive/Desktop/cesppl-internship/data/cesppl_processed/MANUAL BEACH CLEANING/WhatsApp_Image_2026-07-05_at_6_20_12_AM__jpeg.jpg,4,MANUAL BEACH CLEANING,4,MANUAL BEACH CLEANING,MANUAL BEACH CLEANING,100.0,ROAD SWEEPING,0.0,GATE MEETING,0.0,True
C:/Users/sarun/OneDrive/Desktop/cesppl-internship/data/cesppl_processed/MANUAL BEACH CLEANING/WhatsApp_Image_2026-07-05_at_6_20_15_AM_1__jpeg.jpg,4,MANUAL BEACH CLEANING,4,MANUAL BEACH CLEANING,MANUAL BEACH CLEANING,100.0,GATE MEETING,0.0,MECHANIZED BEACH CLEANING,0.0,True
C:/Users/sarun/OneDrive/Desktop/cesppl-internship/data/cesppl_processed/MANUAL BEACH CLEANING/WhatsApp_Image_2026-07-05_at_6_20_16_AM_1__jpeg.jpg,4,MANUAL BEACH CLEANING,4,MANUAL BEACH CLEANING,MANUAL BEACH CLEANING,100.0,ROAD SWEEPING,0.0,MECHANIZED BEACH CLEANING,0.0,True
C:/Users/sarun/OneDrive/Desktop/cesppl-internship/data/cesppl_processed/MANUAL BEACH CLEANING/WhatsApp_Image_2026-07-05_at_7_32_04_AM_1__jpeg.jpg,4,MANUAL BEACH CLEANING,4,MANUAL BEACH CLEANING,MANUAL BEACH CLEANING,99.94,LFC,0.02,ROAD SWEEPING,0.02,True
C:/Users/sarun/OneDrive/Desktop/cesppl-internship/data/cesppl_processed/MANUAL BEACH CLEANING/WhatsApp_Image_2026-07-05_at_8_24_34_AM__jpeg.jpg,4,MANUAL BEACH CLEANING,4,MANUAL BEACH CLEANING,MANUAL BEACH CLEANING,100.0,SECONDARY VEHICLES,0.0,MECHANIZED BEACH CLEANING,0.0,True
C:/Users/sarun/OneDrive/Desktop/cesppl-internship/data/cesppl_processed/MANUAL BEACH CLEANING/WhatsApp_Image_2026-07-05_at_8_24_36_AM_1__jpeg.jpg,4,MANUAL BEACH CLEANING,4,MANUAL BEACH CLEANING,MANUAL BEACH CLEANING,100.0,SECONDARY VEHICLES,0.0,MECHANIZED BEACH CLEANING,0.0,True
C:/Users/sarun/OneDrive/Desktop/cesppl-internship/data/cesppl_processed/MANUAL BEACH CLEANING/WhatsApp_Image_2026-07-05_at_8_26_01_AM_1__jpeg.jpg,4,MANUAL BEACH CLEANING,4,MANUAL BEACH CLEANING,MANUAL BEACH CLEANING,95.18,LFC,4.71,ROAD SWEEPING,0.07,True
C:/Users/sarun/OneDrive/Desktop/cesppl-internship/data/cesppl_processed/MANUAL BEACH CLEANING/WhatsApp_Image_2026-07-06_at_10_04_52_AM_1__jpeg.jpg,4,MANUAL BEACH CLEANING,4,MANUAL BEACH CLEANING,MANUAL BEACH CLEANING,99.08,LFC,0.55,ROAD SWEEPING,0.2,True
C:/Users/sarun/OneDrive/Desktop/cesppl-internship/data/cesppl_processed/MANUAL BEACH CLEANING/WhatsApp_Image_2026-07-06_at_12_26_11_PM_1__jpeg.jpg,4,MANUAL BEACH CLEANING,4,MANUAL BEACH CLEANING,MANUAL BEACH CLEANING,99.92,ROAD SWEEPING,0.08,MECHANIZED BEACH CLEANING,0.0,True
C:/Users/sarun/OneDrive/Desktop/cesppl-internship/data/cesppl_processed/MANUAL BEACH CLEANING/WhatsApp_Image_2026-07-06_at_1_37_30_AM__jpeg.jpg,4,MANUAL BEACH CLEANING,4,MANUAL BEACH CLEANING,MANUAL BEACH CLEANING,99.99,ROAD SWEEPING,0.0,GATE MEETING,0.0,True
C:/Users/sarun/OneDrive/Desktop/cesppl-internship/data/cesppl_processed/MANUAL BEACH CLEANING/WhatsApp_Image_2026-07-06_at_1_37_33_AM__jpeg.jpg,4,MANUAL BEACH CLEANING,4,MANUAL BEACH CLEANING,MANUAL BEACH CLEANING,99.86,ROAD SWEEPING,0.11,LFC,0.03,True
C:/Users/sarun/OneDrive/Desktop/cesppl-internship/data/cesppl_processed/MANUAL BEACH CLEANING/WhatsApp_Image_2026-07-06_at_3_56_48_PM__jpeg.jpg,4,MANUAL BEACH CLEANING,4,MANUAL BEACH CLEANING,MANUAL BEACH CLEANING,100.0,MECHANIZED BEACH CLEANING,0.0,ROAD SWEEPING,0.0,True
C:/Users/sarun/OneDrive/Desktop/cesppl-internship/data/cesppl_processed/MANUAL BEACH CLEANING/WhatsApp_Image_2026-07-06_at_5_43_12_PM_1__jpeg.jpg,4,MANUAL BEACH CLEANING,4,MANUAL BEACH CLEANING,MANUAL BEACH CLEANING,97.93,MECHANIZED BEACH CLEANING,1.61,ROAD SWEEPING,0.22,True
C:/Users/sarun/OneDrive/Desktop/cesppl-internship/data/cesppl_processed/MANUAL BEACH CLEANING/WhatsApp_Image_2026-07-06_at_5_43_12_PM__jpeg.jpg,4,MANUAL BEACH CLEANING,4,MANUAL BEACH CLEANING,MANUAL BEACH CLEANING,99.79,ROAD SWEEPING,0.16,MECHANIZED BEACH CLEANING,0.03,True
C:/Users/sarun/OneDrive/Desktop/cesppl-internship/data/cesppl_processed/MANUAL BEACH CLEANING/WhatsApp_Image_2026-07-06_at_5_43_13_PM__jpeg.jpg,4,MANUAL BEACH CLEANING,4,MANUAL BEACH CLEANING,MANUAL BEACH CLEANING,95.6,MECHANIZED BEACH CLEANING,4.08,GATE MEETING,0.14,True
C:/Users/sarun/OneDrive/Desktop/cesppl-internship/data/cesppl_processed/MANUAL BEACH CLEANING/WhatsApp_Image_2026-07-06_at_5_44_00_PM__jpeg.jpg,4,MANUAL BEACH CLEANING,4,MANUAL BEACH CLEANING,MANUAL BEACH CLEANING,99.79,MECHANIZED BEACH CLEANING,0.19,SECONDARY VEHICLES,0.02,True
C:/Users/sarun/OneDrive/Desktop/cesppl-internship/data/cesppl_processed/MANUAL BEACH CLEANING/WhatsApp_Image_2026-07-06_at_5_44_01_PM_1__jpeg.jpg,4,MANUAL BEACH CLEANING,4,MANUAL BEACH CLEANING,MANUAL BEACH CLEANING,99.91,MECHANIZED BEACH CLEANING,0.08,SECONDARY VEHICLES,0.0,True
C:/Users/sarun/OneDrive/Desktop/cesppl-internship/data/cesppl_processed/MANUAL BEACH CLEANING/WhatsApp_Image_2026-07-06_at_6_37_05_AM__jpeg.jpg,4,MANUAL BEACH CLEANING,4,MANUAL BEACH CLEANING,MANUAL BEACH CLEANING,98.21,MECHANIZED BEACH CLEANING,1.69,LFC,0.05,True
C:/Users/sarun/OneDrive/Desktop/cesppl-internship/data/cesppl_processed/MANUAL BEACH CLEANING/WhatsApp_Image_2026-07-06_at_6_37_06_AM__jpeg.jpg,4,MANUAL BEACH CLEANING,4,MANUAL BEACH CLEANING,MANUAL BEACH CLEANING,99.99,ROAD SWEEPING,0.0,PRIMARY COLLECTION,0.0,True
C:/Users/sarun/OneDrive/Desktop/cesppl-internship/data/cesppl_processed/MANUAL BEACH CLEANING/WhatsApp_Image_2026-07-06_at_7_04_08_AM__jpeg.jpg,4,MANUAL BEACH CLEANING,4,MANUAL BEACH CLEANING,MANUAL BEACH CLEANING,98.98,ROAD SWEEPING,0.78,LFC,0.2,True
C:/Users/sarun/OneDrive/Desktop/cesppl-internship/data/cesppl_processed/MANUAL BEACH CLEANING/WhatsApp_Image_2026-07-06_at_7_04_10_AM_1__jpeg.jpg,4,MANUAL BEACH CLEANING,4,MANUAL BEACH CLEANING,MANUAL BEACH CLEANING,99.76,MECHANIZED BEACH CLEANING,0.12,LFC,0.08,True
C:/Users/sarun/OneDrive/Desktop/cesppl-internship/data/cesppl_processed/MANUAL BEACH CLEANING/WhatsApp_Image_2026-07-06_at_7_33_50_PM_1__jpeg.jpg,4,MANUAL BEACH CLEANING,4,MANUAL BEACH CLEANING,MANUAL BEACH CLEANING,99.65,SECONDARY VEHICLES,0.27,MECHANIZED BEACH CLEANING,0.05,True
C:/Users/sarun/OneDrive/Desktop/cesppl-internship/data/cesppl_processed/MANUAL BEACH CLEANING/WhatsApp_Image_2026-07-06_at_7_33_51_PM_1__jpeg.jpg,4,MANUAL BEACH CLEANING,4,MANUAL BEACH CLEANING,MANUAL BEACH CLEANING,99.92,SECONDARY VEHICLES,0.07,MECHANIZED BEACH CLEANING,0.01,True
C:/Users/sarun/OneDrive/Desktop/cesppl-internship/data/cesppl_processed/MANUAL BEACH CLEANING/WhatsApp_Image_2026-07-06_at_8_55_33_AM_1__jpeg.jpg,4,MANUAL BEACH CLEANING,4,MANUAL BEACH CLEANING,MANUAL BEACH CLEANING,100.0,MECHANIZED BEACH CLEANING,0.0,SECONDARY VEHICLES,0.0,True
C:/Users/sarun/OneDrive/Desktop/cesppl-internship/data/cesppl_processed/MANUAL BEACH CLEANING/WhatsApp_Image_2026-07-06_at_9_13_15_AM_1__jpeg.jpg,4,MANUAL BEACH CLEANING,4,MANUAL BEACH CLEANING,MANUAL BEACH CLEANING,98.3,ROAD SWEEPING,1.07,GATE MEETING,0.58,True
C:/Users/sarun/OneDrive/Desktop/cesppl-internship/data/cesppl_processed/MANUAL BEACH CLEANING/WhatsApp_Image_2026-07-06_at_9_13_16_AM_2__jpeg.jpg,4,MANUAL BEACH CLEANING,4,MANUAL BEACH CLEANING,MANUAL BEACH CLEANING,92.09,ROAD SWEEPING,6.67,GATE MEETING,0.93,True
C:/Users/sarun/OneDrive/Desktop/cesppl-internship/data/cesppl_processed/MANUAL BEACH CLEANING/WhatsApp_Image_2026-07-06_at_9_52_27_AM_1__jpeg.jpg,4,MANUAL BEACH CLEANING,4,MANUAL BEACH CLEANING,MANUAL BEACH CLEANING,100.0,ROAD SWEEPING,0.0,SECONDARY VEHICLES,0.0,True
C:/Users/sarun/OneDrive/Desktop/cesppl-internship/data/cesppl_processed/MANUAL BEACH CLEANING/WhatsApp_Image_2026-07-06_at_9_52_28_AM_2__jpeg.jpg,4,MANUAL BEACH CLEANING,4,MANUAL BEACH CLEANING,MANUAL BEACH CLEANING,99.99,MECHANIZED BEACH CLEANING,0.01,SECONDARY VEHICLES,0.0,True
C:/Users/sarun/OneDrive/Desktop/cesppl-internship/data/cesppl_processed/MANUAL BEACH CLEANING/WhatsApp_Image_2026-07-07_at_10_17_53_PM__jpeg.jpg,4,MANUAL BEACH CLEANING,4,MANUAL BEACH CLEANING,MANUAL BEACH CLEANING,99.79,ROAD SWEEPING,0.14,PRIMARY COLLECTION,0.03,True
C:/Users/sarun/OneDrive/Desktop/cesppl-internship/data/cesppl_processed/MANUAL BEACH CLEANING/WhatsApp_Image_2026-07-07_at_10_17_58_PM__jpeg.jpg,4,MANUAL BEACH CLEANING,4,MANUAL BEACH CLEANING,MANUAL BEACH CLEANING,100.0,ROAD SWEEPING,0.0,MECHANIZED BEACH CLEANING,0.0,True
C:/Users/sarun/OneDrive/Desktop/cesppl-internship/data/cesppl_processed/MANUAL BEACH CLEANING/WhatsApp_Image_2026-07-07_at_10_50_01_AM__jpeg.jpg,4,MANUAL BEACH CLEANING,4,MANUAL BEACH CLEANING,MANUAL BEACH CLEANING,99.95,MECHANIZED BEACH CLEANING,0.05,SECONDARY VEHICLES,0.0,True
C:/Users/sarun/OneDrive/Desktop/cesppl-internship/data/cesppl_processed/MANUAL BEACH CLEANING/WhatsApp_Image_2026-07-07_at_11_19_37_AM_1__jpeg.jpg,4,MANUAL BEACH CLEANING,4,MANUAL BEACH CLEANING,MANUAL BEACH CLEANING,100.0,MECHANIZED BEACH CLEANING,0.0,GATE MEETING,0.0,True
C:/Users/sarun/OneDrive/Desktop/cesppl-internship/data/cesppl_processed/MANUAL BEACH CLEANING/WhatsApp_Image_2026-07-07_at_11_19_37_AM__jpeg.jpg,4,MANUAL BEACH CLEANING,4,MANUAL BEACH CLEANING,MANUAL BEACH CLEANING,100.0,MECHANIZED BEACH CLEANING,0.0,SECONDARY VEHICLES,0.0,True
C:/Users/sarun/OneDrive/Desktop/cesppl-internship/data/cesppl_processed/MANUAL BEACH CLEANING/WhatsApp_Image_2026-07-07_at_11_19_38_AM_1__jpeg.jpg,4,MANUAL BEACH CLEANING,4,MANUAL BEACH CLEANING,MANUAL BEACH CLEANING,99.99,MECHANIZED BEACH CLEANING,0.0,SECONDARY VEHICLES,0.0,True
C:/Users/sarun/OneDrive/Desktop/cesppl-internship/data/cesppl_processed/MANUAL BEACH CLEANING/WhatsApp_Image_2026-07-07_at_11_19_38_AM__jpeg.jpg,4,MANUAL BEACH CLEANING,4,MANUAL BEACH CLEANING,MANUAL BEACH CLEANING,100.0,MECHANIZED BEACH CLEANING,0.0,ROAD SWEEPING,0.0,True
C:/Users/sarun/OneDrive/Desktop/cesppl-internship/data/cesppl_processed/MANUAL BEACH CLEANING/WhatsApp_Image_2026-07-07_at_1_19_07_AM__jpeg.jpg,4,MANUAL BEACH CLEANING,4,MANUAL BEACH CLEANING,MANUAL BEACH CLEANING,82.7,SECONDARY VEHICLES,14.55,MECHANIZED BEACH CLEANING,1.97,True
C:/Users/sarun/OneDrive/Desktop/cesppl-internship/data/cesppl_processed/MANUAL BEACH CLEANING/WhatsApp_Image_2026-07-07_at_2_16_58_PM__jpeg.jpg,4,MANUAL BEACH CLEANING,4,MANUAL BEACH CLEANING,MANUAL BEACH CLEANING,99.99,MECHANIZED BEACH CLEANING,0.01,GATE MEETING,0.0,True
C:/Users/sarun/OneDrive/Desktop/cesppl-internship/data/cesppl_processed/MANUAL BEACH CLEANING/WhatsApp_Image_2026-07-07_at_3_23_59_PM_1__jpeg.jpg,4,MANUAL BEACH CLEANING,4,MANUAL BEACH CLEANING,MANUAL BEACH CLEANING,99.94,ROAD SWEEPING,0.06,PRIMARY COLLECTION,0.0,True
C:/Users/sarun/OneDrive/Desktop/cesppl-internship/data/cesppl_processed/MANUAL BEACH CLEANING/WhatsApp_Image_2026-07-07_at_4_01_15_PM_1__jpeg.jpg,4,MANUAL BEACH CLEANING,4,MANUAL BEACH CLEANING,MANUAL BEACH CLEANING,100.0,MECHANIZED BEACH CLEANING,0.0,GATE MEETING,0.0,True
C:/Users/sarun/OneDrive/Desktop/cesppl-internship/data/cesppl_processed/MANUAL BEACH CLEANING/WhatsApp_Image_2026-07-07_at_6_02_52_AM__jpeg.jpg,4,MANUAL BEACH CLEANING,4,MANUAL BEACH CLEANING,MANUAL BEACH CLEANING,100.0,ROAD SWEEPING,0.0,MECHANIZED BEACH CLEANING,0.0,True
C:/Users/sarun/OneDrive/Desktop/cesppl-internship/data/cesppl_processed/MANUAL BEACH CLEANING/WhatsApp_Image_2026-07-07_at_6_02_54_AM__jpeg.jpg,4,MANUAL BEACH CLEANING,4,MANUAL BEACH CLEANING,MANUAL BEACH CLEANING,100.0,MECHANIZED BEACH CLEANING,0.0,ROAD SWEEPING,0.0,True
C:/Users/sarun/OneDrive/Desktop/cesppl-internship/data/cesppl_processed/MANUAL BEACH CLEANING/WhatsApp_Image_2026-07-07_at_6_02_57_AM__jpeg.jpg,4,MANUAL BEACH CLEANING,4,MANUAL BEACH CLEANING,MANUAL BEACH CLEANING,100.0,MECHANIZED BEACH CLEANING,0.0,ROAD SWEEPING,0.0,True
C:/Users/sarun/OneDrive/Desktop/cesppl-internship/data/cesppl_processed/MANUAL BEACH CLEANING/WhatsApp_Image_2026-07-07_at_6_57_23_PM__jpeg.jpg,4,MANUAL BEACH CLEANING,4,MANUAL BEACH CLEANING,MANUAL BEACH CLEANING,82.96,GATE MEETING,16.94,MECHANIZED BEACH CLEANING,0.1,True
C:/Users/sarun/OneDrive/Desktop/cesppl-internship/data/cesppl_processed/MANUAL BEACH CLEANING/WhatsApp_Image_2026-07-07_at_7_14_02_PM_1__jpeg.jpg,4,MANUAL BEACH CLEANING,4,MANUAL BEACH CLEANING,MANUAL BEACH CLEANING,99.99,MECHANIZED BEACH CLEANING,0.0,ROAD SWEEPING,0.0,True
C:/Users/sarun/OneDrive/Desktop/cesppl-internship/data/cesppl_processed/MANUAL BEACH CLEANING/WhatsApp_Image_2026-07-07_at_7_14_03_PM__jpeg.jpg,4,MANUAL BEACH CLEANING,4,MANUAL BEACH CLEANING,MANUAL BEACH CLEANING,99.5,PRIMARY COLLECTION,0.41,ROAD SWEEPING,0.05,True
C:/Users/sarun/OneDrive/Desktop/cesppl-internship/data/cesppl_processed/MANUAL BEACH CLEANING/WhatsApp_Image_2026-07-07_at_7_55_37_AM_1__jpeg.jpg,4,MANUAL BEACH CLEANING,4,MANUAL BEACH CLEANING,MANUAL BEACH CLEANING,100.0,ROAD SWEEPING,0.0,LFC,0.0,True
C:/Users/sarun/OneDrive/Desktop/cesppl-internship/data/cesppl_processed/MANUAL BEACH CLEANING/WhatsApp_Image_2026-07-07_at_8_32_00_AM__jpeg.jpg,4,MANUAL BEACH CLEANING,4,MANUAL BEACH CLEANING,MANUAL BEACH CLEANING,100.0,ROAD SWEEPING,0.0,MECHANIZED BEACH CLEANING,0.0,True
C:/Users/sarun/OneDrive/Desktop/cesppl-internship/data/cesppl_processed/MANUAL BEACH CLEANING/WhatsApp_Image_2026-07-07_at_9_32_33_AM_2__jpeg.jpg,4,MANUAL BEACH CLEANING,4,MANUAL BEACH CLEANING,MANUAL BEACH CLEANING,100.0,SECONDARY VEHICLES,0.0,ROAD SWEEPING,0.0,True
C:/Users/sarun/OneDrive/Desktop/cesppl-internship/data/cesppl_processed/MANUAL BEACH CLEANING/WhatsApp_Image_2026-07-08_at_11_29_08_AM__jpeg.jpg,4,MANUAL BEACH CLEANING,4,MANUAL BEACH CLEANING,MANUAL BEACH CLEANING,99.93,PRIMARY COLLECTION,0.04,ROAD SWEEPING,0.01,True
C:/Users/sarun/OneDrive/Desktop/cesppl-internship/data/cesppl_processed/MANUAL BEACH CLEANING/WhatsApp_Image_2026-07-08_at_11_29_10_AM__jpeg.jpg,4,MANUAL BEACH CLEANING,4,MANUAL BEACH CLEANING,MANUAL BEACH CLEANING,99.94,MECHANIZED BEACH CLEANING,0.05,LFC,0.01,True
C:/Users/sarun/OneDrive/Desktop/cesppl-internship/data/cesppl_processed/MANUAL BEACH CLEANING/WhatsApp_Image_2026-07-08_at_2_16_34_PM_1__jpeg.jpg,4,MANUAL BEACH CLEANING,4,MANUAL BEACH CLEANING,MANUAL BEACH CLEANING,100.0,MECHANIZED BEACH CLEANING,0.0,ROAD SWEEPING,0.0,True
C:/Users/sarun/OneDrive/Desktop/cesppl-internship/data/cesppl_processed/MANUAL BEACH CLEANING/WhatsApp_Image_2026-07-08_at_3_43_53_PM_1__jpeg.jpg,4,MANUAL BEACH CLEANING,4,MANUAL BEACH CLEANING,MANUAL BEACH CLEANING,99.99,MECHANIZED BEACH CLEANING,0.01,LFC,0.0,True
C:/Users/sarun/OneDrive/Desktop/cesppl-internship/data/cesppl_processed/MANUAL BEACH CLEANING/WhatsApp_Image_2026-07-08_at_4_01_25_PM_1__jpeg.jpg,4,MANUAL BEACH CLEANING,4,MANUAL BEACH CLEANING,MANUAL BEACH CLEANING,99.98,SECONDARY VEHICLES,0.01,MECHANIZED BEACH CLEANING,0.01,True
C:/Users/sarun/OneDrive/Desktop/cesppl-internship/data/cesppl_processed/MANUAL BEACH CLEANING/WhatsApp_Image_2026-07-08_at_4_13_26_PM__jpeg.jpg,4,MANUAL BEACH CLEANING,4,MANUAL BEACH CLEANING,MANUAL BEACH CLEANING,98.04,MECHANIZED BEACH CLEANING,0.84,LFC,0.38,True
C:/Users/sarun/OneDrive/Desktop/cesppl-internship/data/cesppl_processed/MANUAL BEACH CLEANING/WhatsApp_Image_2026-07-08_at_5_40_30_AM__jpeg.jpg,4,MANUAL BEACH CLEANING,4,MANUAL BEACH CLEANING,MANUAL BEACH CLEANING,99.92,MECHANIZED BEACH CLEANING,0.04,ROAD SWEEPING,0.02,True
C:/Users/sarun/OneDrive/Desktop/cesppl-internship/data/cesppl_processed/MANUAL BEACH CLEANING/WhatsApp_Image_2026-07-08_at_5_42_58_AM_1__jpeg.jpg,4,MANUAL BEACH CLEANING,4,MANUAL BEACH CLEANING,MANUAL BEACH CLEANING,99.85,ROAD SWEEPING,0.08,MECHANIZED BEACH CLEANING,0.02,True
C:/Users/sarun/OneDrive/Desktop/cesppl-internship/data/cesppl_processed/MANUAL BEACH CLEANING/WhatsApp_Image_2026-07-08_at_5_48_58_AM__jpeg.jpg,4,MANUAL BEACH CLEANING,4,MANUAL BEACH CLEANING,MANUAL BEACH CLEANING,99.73,MECHANIZED BEACH CLEANING,0.09,ROAD SWEEPING,0.09,True
C:/Users/sarun/OneDrive/Desktop/cesppl-internship/data/cesppl_processed/MANUAL BEACH CLEANING/WhatsApp_Image_2026-07-08_at_8_00_05_AM_1__jpeg.jpg,4,MANUAL BEACH CLEANING,4,MANUAL BEACH CLEANING,MANUAL BEACH CLEANING,99.99,MECHANIZED BEACH CLEANING,0.0,SECONDARY VEHICLES,0.0,True
C:/Users/sarun/OneDrive/Desktop/cesppl-internship/data/cesppl_processed/MANUAL BEACH CLEANING/WhatsApp_Image_2026-07-08_at_8_00_06_AM_1__jpeg.jpg,4,MANUAL BEACH CLEANING,4,MANUAL BEACH CLEANING,MANUAL BEACH CLEANING,100.0,MECHANIZED BEACH CLEANING,0.0,SECONDARY VEHICLES,0.0,True
C:/Users/sarun/OneDrive/Desktop/cesppl-internship/data/cesppl_processed/MANUAL BEACH CLEANING/WhatsApp_Image_2026-07-08_at_8_00_07_AM__jpeg.jpg,4,MANUAL BEACH CLEANING,4,MANUAL BEACH CLEANING,MANUAL BEACH CLEANING,100.0,MECHANIZED BEACH CLEANING,0.0,ROAD SWEEPING,0.0,True
C:/Users/sarun/OneDrive/Desktop/cesppl-internship/data/cesppl_processed/MANUAL BEACH CLEANING/WhatsApp_Image_2026-07-08_at_8_05_53_AM__jpeg.jpg,4,MANUAL BEACH CLEANING,4,MANUAL BEACH CLEANING,MANUAL BEACH CLEANING,100.0,ROAD SWEEPING,0.0,MECHANIZED BEACH CLEANING,0.0,True
C:/Users/sarun/OneDrive/Desktop/cesppl-internship/data/cesppl_processed/MANUAL BEACH CLEANING/WhatsApp_Image_2026-07-08_at_8_45_15_AM_1__jpeg.jpg,4,MANUAL BEACH CLEANING,4,MANUAL BEACH CLEANING,MANUAL BEACH CLEANING,99.98,ROAD SWEEPING,0.01,MECHANIZED BEACH CLEANING,0.0,True
C:/Users/sarun/OneDrive/Desktop/cesppl-internship/data/cesppl_processed/MANUAL BEACH CLEANING/WhatsApp_Image_2026-07-08_at_8_45_16_AM__jpeg.jpg,4,MANUAL BEACH CLEANING,4,MANUAL BEACH CLEANING,MANUAL BEACH CLEANING,99.98,MECHANIZED BEACH CLEANING,0.01,ROAD SWEEPING,0.01,True
C:/Users/sarun/OneDrive/Desktop/cesppl-internship/data/cesppl_processed/MANUAL BEACH CLEANING/WhatsApp_Image_2026-07-08_at_9_06_47_AM__jpeg.jpg,4,MANUAL BEACH CLEANING,4,MANUAL BEACH CLEANING,MANUAL BEACH CLEANING,99.73,PRIMARY COLLECTION,0.21,ROAD SWEEPING,0.02,True
C:/Users/sarun/OneDrive/Desktop/cesppl-internship/data/cesppl_processed/MANUAL BEACH CLEANING/WhatsApp_Image_2026-07-09_at_12_26_35_AM__jpeg.jpg,4,MANUAL BEACH CLEANING,4,MANUAL BEACH CLEANING,MANUAL BEACH CLEANING,99.99,SECONDARY VEHICLES,0.0,ROAD SWEEPING,0.0,True
C:/Users/sarun/OneDrive/Desktop/cesppl-internship/data/cesppl_processed/MANUAL BEACH CLEANING/WhatsApp_Image_2026-07-09_at_12_26_38_AM_2__jpeg.jpg,4,MANUAL BEACH CLEANING,4,MANUAL BEACH CLEANING,MANUAL BEACH CLEANING,99.99,BIN WASHING,0.0,SECONDARY VEHICLES,0.0,True
C:/Users/sarun/OneDrive/Desktop/cesppl-internship/data/cesppl_processed/MANUAL BEACH CLEANING/WhatsApp_Image_2026-07-09_at_12_26_38_AM__jpeg.jpg,4,MANUAL BEACH CLEANING,4,MANUAL BEACH CLEANING,MANUAL BEACH CLEANING,100.0,MECHANIZED BEACH CLEANING,0.0,GATE MEETING,0.0,True
C:/Users/sarun/OneDrive/Desktop/cesppl-internship/data/cesppl_processed/MANUAL BEACH CLEANING/WhatsApp_Image_2026-07-09_at_12_31_03_PM_1__jpeg.jpg,4,MANUAL BEACH CLEANING,4,MANUAL BEACH CLEANING,MANUAL BEACH CLEANING,99.97,MECHANIZED BEACH CLEANING,0.01,GATE MEETING,0.01,True
C:/Users/sarun/OneDrive/Desktop/cesppl-internship/data/cesppl_processed/MANUAL BEACH CLEANING/WhatsApp_Image_2026-07-09_at_12_40_08_PM_1__jpeg.jpg,4,MANUAL BEACH CLEANING,4,MANUAL BEACH CLEANING,MANUAL BEACH CLEANING,99.98,MECHANIZED BEACH CLEANING,0.01,SECONDARY VEHICLES,0.01,True
C:/Users/sarun/OneDrive/Desktop/cesppl-internship/data/cesppl_processed/MANUAL BEACH CLEANING/WhatsApp_Image_2026-07-09_at_1_23_04_PM__jpeg.jpg,4,MANUAL BEACH CLEANING,4,MANUAL BEACH CLEANING,MANUAL BEACH CLEANING,99.8,MECHANIZED BEACH CLEANING,0.15,GATE MEETING,0.04,True
C:/Users/sarun/OneDrive/Desktop/cesppl-internship/data/cesppl_processed/MANUAL BEACH CLEANING/WhatsApp_Image_2026-07-09_at_1_23_05_PM_2__jpeg.jpg,4,MANUAL BEACH CLEANING,4,MANUAL BEACH CLEANING,MANUAL BEACH CLEANING,98.45,MECHANIZED BEACH CLEANING,1.53,SECONDARY VEHICLES,0.02,True
C:/Users/sarun/OneDrive/Desktop/cesppl-internship/data/cesppl_processed/MANUAL BEACH CLEANING/WhatsApp_Image_2026-07-09_at_3_30_42_PM_2__jpeg.jpg,4,MANUAL BEACH CLEANING,4,MANUAL BEACH CLEANING,MANUAL BEACH CLEANING,96.75,MECHANIZED BEACH CLEANING,3.25,GATE MEETING,0.0,True
C:/Users/sarun/OneDrive/Desktop/cesppl-internship/data/cesppl_processed/MANUAL BEACH CLEANING/WhatsApp_Image_2026-07-09_at_3_30_44_PM_1__jpeg.jpg,4,MANUAL BEACH CLEANING,4,MANUAL BEACH CLEANING,MANUAL BEACH CLEANING,75.47,MECHANIZED BEACH CLEANING,24.35,SECONDARY VEHICLES,0.11,True
C:/Users/sarun/OneDrive/Desktop/cesppl-internship/data/cesppl_processed/MANUAL BEACH CLEANING/WhatsApp_Image_2026-07-09_at_3_51_42_PM__jpeg.jpg,4,MANUAL BEACH CLEANING,4,MANUAL BEACH CLEANING,MANUAL BEACH CLEANING,99.99,MECHANIZED BEACH CLEANING,0.0,ROAD SWEEPING,0.0,True
C:/Users/sarun/OneDrive/Desktop/cesppl-internship/data/cesppl_processed/MANUAL BEACH CLEANING/WhatsApp_Image_2026-07-09_at_6_35_47_AM__jpeg.jpg,4,MANUAL BEACH CLEANING,4,MANUAL BEACH CLEANING,MANUAL BEACH CLEANING,100.0,ROAD SWEEPING,0.0,MECHANIZED BEACH CLEANING,0.0,True
C:/Users/sarun/OneDrive/Desktop/cesppl-internship/data/cesppl_processed/MANUAL BEACH CLEANING/image1004__jpeg.jpg,4,MANUAL BEACH CLEANING,4,MANUAL BEACH CLEANING,MANUAL BEACH CLEANING,98.66,BIN WASHING,1.27,SECONDARY VEHICLES,0.03,True
C:/Users/sarun/OneDrive/Desktop/cesppl-internship/data/cesppl_processed/MANUAL BEACH CLEANING/image1010__jpeg.jpg,4,MANUAL BEACH CLEANING,4,MANUAL BEACH CLEANING,MANUAL BEACH CLEANING,100.0,MECHANIZED BEACH CLEANING,0.0,ROAD SWEEPING,0.0,True
C:/Users/sarun/OneDrive/Desktop/cesppl-internship/data/cesppl_processed/MANUAL BEACH CLEANING/image1014__jpeg.jpg,4,MANUAL BEACH CLEANING,4,MANUAL BEACH CLEANING,MANUAL BEACH CLEANING,100.0,ROAD SWEEPING,0.0,BIN WASHING,0.0,True
C:/Users/sarun/OneDrive/Desktop/cesppl-internship/data/cesppl_processed/MANUAL BEACH CLEANING/image1017__jpeg.jpg,4,MANUAL BEACH CLEANING,4,MANUAL BEACH CLEANING,MANUAL BEACH CLEANING,99.99,ROAD SWEEPING,0.01,LFC,0.0,True
C:/Users/sarun/OneDrive/Desktop/cesppl-internship/data/cesppl_processed/MANUAL BEACH CLEANING/image1022__jpeg.jpg,4,MANUAL BEACH CLEANING,4,MANUAL BEACH CLEANING,MANUAL BEACH CLEANING,100.0,MECHANIZED BEACH CLEANING,0.0,BIN WASHING,0.0,True
C:/Users/sarun/OneDrive/Desktop/cesppl-internship/data/cesppl_processed/MANUAL BEACH CLEANING/image1024__jpeg.jpg,4,MANUAL BEACH CLEANING,4,MANUAL BEACH CLEANING,MANUAL BEACH CLEANING,99.99,SECONDARY VEHICLES,0.01,MECHANIZED BEACH CLEANING,0.0,True
C:/Users/sarun/OneDrive/Desktop/cesppl-internship/data/cesppl_processed/MANUAL BEACH CLEANING/image1031__jpeg.jpg,4,MANUAL BEACH CLEANING,4,MANUAL BEACH CLEANING,MANUAL BEACH CLEANING,99.99,SECONDARY VEHICLES,0.0,MECHANIZED BEACH CLEANING,0.0,True
C:/Users/sarun/OneDrive/Desktop/cesppl-internship/data/cesppl_processed/MANUAL BEACH CLEANING/image1046__jpeg.jpg,4,MANUAL BEACH CLEANING,4,MANUAL BEACH CLEANING,MANUAL BEACH CLEANING,100.0,MECHANIZED BEACH CLEANING,0.0,ROAD SWEEPING,0.0,True
C:/Users/sarun/OneDrive/Desktop/cesppl-internship/data/cesppl_processed/MANUAL BEACH CLEANING/image1050__jpeg.jpg,4,MANUAL BEACH CLEANING,4,MANUAL BEACH CLEANING,MANUAL BEACH CLEANING,99.99,MECHANIZED BEACH CLEANING,0.01,SECONDARY VEHICLES,0.0,True
C:/Users/sarun/OneDrive/Desktop/cesppl-internship/data/cesppl_processed/MANUAL BEACH CLEANING/image1054__jpeg.jpg,4,MANUAL BEACH CLEANING,4,MANUAL BEACH CLEANING,MANUAL BEACH CLEANING,100.0,ROAD SWEEPING,0.0,MECHANIZED BEACH CLEANING,0.0,True
C:/Users/sarun/OneDrive/Desktop/cesppl-internship/data/cesppl_processed/MANUAL BEACH CLEANING/image1062__jpeg.jpg,4,MANUAL BEACH CLEANING,4,MANUAL BEACH CLEANING,MANUAL BEACH CLEANING,100.0,SECONDARY VEHICLES,0.0,MECHANIZED BEACH CLEANING,0.0,True
C:/Users/sarun/OneDrive/Desktop/cesppl-internship/data/cesppl_processed/MANUAL BEACH CLEANING/image1068__jpeg.jpg,4,MANUAL BEACH CLEANING,4,MANUAL BEACH CLEANING,MANUAL BEACH CLEANING,100.0,SECONDARY VEHICLES,0.0,MECHANIZED BEACH CLEANING,0.0,True
C:/Users/sarun/OneDrive/Desktop/cesppl-internship/data/cesppl_processed/MANUAL BEACH CLEANING/image1074__jpeg.jpg,4,MANUAL BEACH CLEANING,4,MANUAL BEACH CLEANING,MANUAL BEACH CLEANING,100.0,ROAD SWEEPING,0.0,SECONDARY VEHICLES,0.0,True
C:/Users/sarun/OneDrive/Desktop/cesppl-internship/data/cesppl_processed/MANUAL BEACH CLEANING/image1077__jpeg.jpg,4,MANUAL BEACH CLEANING,4,MANUAL BEACH CLEANING,MANUAL BEACH CLEANING,100.0,ROAD SWEEPING,0.0,LFC,0.0,True
C:/Users/sarun/OneDrive/Desktop/cesppl-internship/data/cesppl_processed/MANUAL BEACH CLEANING/image1086__jpeg.jpg,4,MANUAL BEACH CLEANING,4,MANUAL BEACH CLEANING,MANUAL BEACH CLEANING,100.0,ROAD SWEEPING,0.0,MECHANIZED BEACH CLEANING,0.0,True
C:/Users/sarun/OneDrive/Desktop/cesppl-internship/data/cesppl_processed/MANUAL BEACH CLEANING/image1088__jpeg.jpg,4,MANUAL BEACH CLEANING,4,MANUAL BEACH CLEANING,MANUAL BEACH CLEANING,99.99,ROAD SWEEPING,0.0,MECHANIZED BEACH CLEANING,0.0,True
C:/Users/sarun/OneDrive/Desktop/cesppl-internship/data/cesppl_processed/MANUAL BEACH CLEANING/image1094__jpeg.jpg,4,MANUAL BEACH CLEANING,4,MANUAL BEACH CLEANING,MANUAL BEACH CLEANING,100.0,MECHANIZED BEACH CLEANING,0.0,SECONDARY VEHICLES,0.0,True
C:/Users/sarun/OneDrive/Desktop/cesppl-internship/data/cesppl_processed/MANUAL BEACH CLEANING/image1103__jpeg.jpg,4,MANUAL BEACH CLEANING,4,MANUAL BEACH CLEANING,MANUAL BEACH CLEANING,99.95,SECONDARY VEHICLES,0.05,MECHANIZED BEACH CLEANING,0.0,True
C:/Users/sarun/OneDrive/Desktop/cesppl-internship/data/cesppl_processed/MANUAL BEACH CLEANING/image1113__jpeg.jpg,4,MANUAL BEACH CLEANING,4,MANUAL BEACH CLEANING,MANUAL BEACH CLEANING,100.0,MECHANIZED BEACH CLEANING,0.0,SECONDARY VEHICLES,0.0,True
C:/Users/sarun/OneDrive/Desktop/cesppl-internship/data/cesppl_processed/MANUAL BEACH CLEANING/image1116__jpeg.jpg,4,MANUAL BEACH CLEANING,4,MANUAL BEACH CLEANING,MANUAL BEACH CLEANING,100.0,ROAD SWEEPING,0.0,MECHANIZED BEACH CLEANING,0.0,True
C:/Users/sarun/OneDrive/Desktop/cesppl-internship/data/cesppl_processed/MANUAL BEACH CLEANING/image1126__jpeg.jpg,4,MANUAL BEACH CLEANING,4,MANUAL BEACH CLEANING,MANUAL BEACH CLEANING,100.0,SECONDARY VEHICLES,0.0,ROAD SWEEPING,0.0,True
C:/Users/sarun/OneDrive/Desktop/cesppl-internship/data/cesppl_processed/MANUAL BEACH CLEANING/image1129__jpeg.jpg,4,MANUAL BEACH CLEANING,4,MANUAL BEACH CLEANING,MANUAL BEACH CLEANING,97.81,ROAD SWEEPING,2.17,SECONDARY VEHICLES,0.01,True
C:/Users/sarun/OneDrive/Desktop/cesppl-internship/data/cesppl_processed/MANUAL BEACH CLEANING/image1131__jpeg.jpg,4,MANUAL BEACH CLEANING,4,MANUAL BEACH CLEANING,MANUAL BEACH CLEANING,99.99,MECHANIZED BEACH CLEANING,0.0,SECONDARY VEHICLES,0.0,True
C:/Users/sarun/OneDrive/Desktop/cesppl-internship/data/cesppl_processed/MANUAL BEACH CLEANING/image1140__jpeg.jpg,4,MANUAL BEACH CLEANING,4,MANUAL BEACH CLEANING,MANUAL BEACH CLEANING,99.99,MECHANIZED BEACH CLEANING,0.0,ROAD SWEEPING,0.0,True
C:/Users/sarun/OneDrive/Desktop/cesppl-internship/data/cesppl_processed/MANUAL BEACH CLEANING/image1142__jpeg.jpg,4,MANUAL BEACH CLEANING,4,MANUAL BEACH CLEANING,MANUAL BEACH CLEANING,99.99,ROAD SWEEPING,0.01,BIN WASHING,0.0,True
C:/Users/sarun/OneDrive/Desktop/cesppl-internship/data/cesppl_processed/MANUAL BEACH CLEANING/image1144__jpeg.jpg,4,MANUAL BEACH CLEANING,4,MANUAL BEACH CLEANING,MANUAL BEACH CLEANING,99.88,SECONDARY VEHICLES,0.11,MECHANIZED BEACH CLEANING,0.0,True
C:/Users/sarun/OneDrive/Desktop/cesppl-internship/data/cesppl_processed/MANUAL BEACH CLEANING/image1147__jpeg.jpg,4,MANUAL BEACH CLEANING,4,MANUAL BEACH CLEANING,MANUAL BEACH CLEANING,99.72,SECONDARY VEHICLES,0.11,PRIMARY COLLECTION,0.09,True
C:/Users/sarun/OneDrive/Desktop/cesppl-internship/data/cesppl_processed/MANUAL BEACH CLEANING/image1155__jpeg.jpg,4,MANUAL BEACH CLEANING,4,MANUAL BEACH CLEANING,MANUAL BEACH CLEANING,93.03,ROAD SWEEPING,3.81,BIN WASHING,3.07,True
C:/Users/sarun/OneDrive/Desktop/cesppl-internship/data/cesppl_processed/MANUAL BEACH CLEANING/image1156__jpeg.jpg,4,MANUAL BEACH CLEANING,4,MANUAL BEACH CLEANING,MANUAL BEACH CLEANING,100.0,MECHANIZED BEACH CLEANING,0.0,SECONDARY VEHICLES,0.0,True
C:/Users/sarun/OneDrive/Desktop/cesppl-internship/data/cesppl_processed/MANUAL BEACH CLEANING/image1161__jpeg.jpg,4,MANUAL BEACH CLEANING,4,MANUAL BEACH CLEANING,MANUAL BEACH CLEANING,100.0,SECONDARY VEHICLES,0.0,MECHANIZED BEACH CLEANING,0.0,True
C:/Users/sarun/OneDrive/Desktop/cesppl-internship/data/cesppl_processed/MANUAL BEACH CLEANING/image996__jpeg.jpg,4,MANUAL BEACH CLEANING,4,MANUAL BEACH CLEANING,MANUAL BEACH CLEANING,99.88,SECONDARY VEHICLES,0.08,MECHANIZED BEACH CLEANING,0.03,True
C:/Users/sarun/OneDrive/Desktop/cesppl-internship/data/cesppl_processed/MECHANICAL SWEEPING/WhatsApp_Image_2025-12-20_at_12_59_30_PM__jpeg.jpg,5,MECHANICAL SWEEPING,5,MECHANICAL SWEEPING,MECHANICAL SWEEPING,42.04,BIN WASHING,22.02,SECONDARY VEHICLES,12.49,True
C:/Users/sarun/OneDrive/Desktop/cesppl-internship/data/cesppl_processed/MECHANICAL SWEEPING/WhatsApp_Image_2025-12-20_at_4_44_01_PM_3__jpeg.jpg,5,MECHANICAL SWEEPING,5,MECHANICAL SWEEPING,MECHANICAL SWEEPING,99.99,BIN LIFTING,0.0,SECONDARY VEHICLES,0.0,True
C:/Users/sarun/OneDrive/Desktop/cesppl-internship/data/cesppl_processed/MECHANICAL SWEEPING/WhatsApp_Image_2025-12-20_at_4_44_05_PM_2__jpeg.jpg,5,MECHANICAL SWEEPING,5,MECHANICAL SWEEPING,MECHANICAL SWEEPING,99.94,PRIMARY COLLECTION,0.05,ROAD SWEEPING,0.0,True
C:/Users/sarun/OneDrive/Desktop/cesppl-internship/data/cesppl_processed/MECHANICAL SWEEPING/WhatsApp_Image_2025-12-21_at_4_27_30_PM__jpeg.jpg,5,MECHANICAL SWEEPING,5,MECHANICAL SWEEPING,MECHANICAL SWEEPING,99.97,BIN WASHING,0.02,ROAD SWEEPING,0.01,True
C:/Users/sarun/OneDrive/Desktop/cesppl-internship/data/cesppl_processed/MECHANICAL SWEEPING/WhatsApp_Image_2025-12-24_at_11_29_29_AM__jpeg.jpg,5,MECHANICAL SWEEPING,5,MECHANICAL SWEEPING,MECHANICAL SWEEPING,99.94,BIN WASHING,0.03,SECONDARY VEHICLES,0.02,True
C:/Users/sarun/OneDrive/Desktop/cesppl-internship/data/cesppl_processed/MECHANICAL SWEEPING/WhatsApp_Image_2025-12-24_at_12_56_33_PM_1__jpeg.jpg,5,MECHANICAL SWEEPING,5,MECHANICAL SWEEPING,MECHANICAL SWEEPING,100.0,BIN WASHING,0.0,ROAD SWEEPING,0.0,True
C:/Users/sarun/OneDrive/Desktop/cesppl-internship/data/cesppl_processed/MECHANICAL SWEEPING/WhatsApp_Image_2025-12-24_at_2_56_10_PM_4__jpeg.jpg,5,MECHANICAL SWEEPING,5,MECHANICAL SWEEPING,MECHANICAL SWEEPING,99.94,ROAD SWEEPING,0.03,BIN WASHING,0.02,True
C:/Users/sarun/OneDrive/Desktop/cesppl-internship/data/cesppl_processed/MECHANICAL SWEEPING/WhatsApp_Image_2026-07-03_at_12_31_51_AM__jpeg.jpg,5,MECHANICAL SWEEPING,5,MECHANICAL SWEEPING,MECHANICAL SWEEPING,99.99,BIN WASHING,0.0,PRIMARY COLLECTION,0.0,True
C:/Users/sarun/OneDrive/Desktop/cesppl-internship/data/cesppl_processed/MECHANICAL SWEEPING/WhatsApp_Image_2026-07-03_at_12_31_53_AM__jpeg.jpg,5,MECHANICAL SWEEPING,5,MECHANICAL SWEEPING,MECHANICAL SWEEPING,99.96,BIN LIFTING,0.02,SECONDARY VEHICLES,0.01,True
C:/Users/sarun/OneDrive/Desktop/cesppl-internship/data/cesppl_processed/MECHANICAL SWEEPING/WhatsApp_Image_2026-07-04_at_12_58_29_AM__jpeg.jpg,5,MECHANICAL SWEEPING,5,MECHANICAL SWEEPING,MECHANICAL SWEEPING,100.0,PRIMARY COLLECTION,0.0,ROAD SWEEPING,0.0,True
C:/Users/sarun/OneDrive/Desktop/cesppl-internship/data/cesppl_processed/MECHANICAL SWEEPING/WhatsApp_Image_2026-07-05_at_11_05_02_PM__jpeg.jpg,5,MECHANICAL SWEEPING,5,MECHANICAL SWEEPING,MECHANICAL SWEEPING,89.59,ROAD SWEEPING,10.4,SECONDARY VEHICLES,0.01,True
C:/Users/sarun/OneDrive/Desktop/cesppl-internship/data/cesppl_processed/MECHANICAL SWEEPING/WhatsApp_Image_2026-07-05_at_12_36_57_AM__jpeg.jpg,5,MECHANICAL SWEEPING,5,MECHANICAL SWEEPING,MECHANICAL SWEEPING,99.99,SECONDARY VEHICLES,0.0,BIN LIFTING,0.0,True
C:/Users/sarun/OneDrive/Desktop/cesppl-internship/data/cesppl_processed/MECHANICAL SWEEPING/WhatsApp_Image_2026-07-06_at_9_24_50_AM__jpeg.jpg,5,MECHANICAL SWEEPING,8,ROAD SWEEPING,ROAD SWEEPING,98.67,MECHANICAL SWEEPING,0.92,LFC,0.36,False
C:/Users/sarun/OneDrive/Desktop/cesppl-internship/data/cesppl_processed/MECHANICAL SWEEPING/WhatsApp_Image_2026-07-08_at_4_05_58_AM__jpeg.jpg,5,MECHANICAL SWEEPING,5,MECHANICAL SWEEPING,MECHANICAL SWEEPING,99.93,ROAD SWEEPING,0.03,BIN WASHING,0.02,True
C:/Users/sarun/OneDrive/Desktop/cesppl-internship/data/cesppl_processed/MECHANICAL SWEEPING/WhatsApp_Image_2026-07-08_at_4_06_01_AM_1__jpeg.jpg,5,MECHANICAL SWEEPING,5,MECHANICAL SWEEPING,MECHANICAL SWEEPING,100.0,SECONDARY VEHICLES,0.0,BIN WASHING,0.0,True
C:/Users/sarun/OneDrive/Desktop/cesppl-internship/data/cesppl_processed/MECHANICAL SWEEPING/WhatsApp_Image_2026-07-08_at_4_06_02_AM__jpeg.jpg,5,MECHANICAL SWEEPING,5,MECHANICAL SWEEPING,MECHANICAL SWEEPING,99.96,SECONDARY VEHICLES,0.03,ROAD SWEEPING,0.0,True
C:/Users/sarun/OneDrive/Desktop/cesppl-internship/data/cesppl_processed/MECHANICAL SWEEPING/WhatsApp_Image_2026-07-09_at_12_32_52_AM__jpeg.jpg,5,MECHANICAL SWEEPING,5,MECHANICAL SWEEPING,MECHANICAL SWEEPING,99.94,BIN WASHING,0.03,BIN LIFTING,0.02,True
C:/Users/sarun/OneDrive/Desktop/cesppl-internship/data/cesppl_processed/MECHANICAL SWEEPING/WhatsApp_Image_2026-07-09_at_12_32_55_AM__jpeg.jpg,5,MECHANICAL SWEEPING,5,MECHANICAL SWEEPING,MECHANICAL SWEEPING,100.0,BIN LIFTING,0.0,BIN WASHING,0.0,True
C:/Users/sarun/OneDrive/Desktop/cesppl-internship/data/cesppl_processed/MECHANICAL SWEEPING/image491__jpeg.jpg,5,MECHANICAL SWEEPING,9,SECONDARY VEHICLES,SECONDARY VEHICLES,38.55,MECHANICAL SWEEPING,29.8,MECHANIZED BEACH CLEANING,24.35,False
C:/Users/sarun/OneDrive/Desktop/cesppl-internship/data/cesppl_processed/MECHANICAL SWEEPING/image496__jpeg.jpg,5,MECHANICAL SWEEPING,5,MECHANICAL SWEEPING,MECHANICAL SWEEPING,100.0,SECONDARY VEHICLES,0.0,BIN LIFTING,0.0,True
C:/Users/sarun/OneDrive/Desktop/cesppl-internship/data/cesppl_processed/MECHANICAL SWEEPING/image498__jpeg.jpg,5,MECHANICAL SWEEPING,5,MECHANICAL SWEEPING,MECHANICAL SWEEPING,100.0,ROAD SWEEPING,0.0,SECONDARY VEHICLES,0.0,True
C:/Users/sarun/OneDrive/Desktop/cesppl-internship/data/cesppl_processed/MECHANICAL SWEEPING/image506__jpeg.jpg,5,MECHANICAL SWEEPING,5,MECHANICAL SWEEPING,MECHANICAL SWEEPING,99.98,MECHANIZED BEACH CLEANING,0.01,ROAD SWEEPING,0.01,True
C:/Users/sarun/OneDrive/Desktop/cesppl-internship/data/cesppl_processed/MECHANICAL SWEEPING/image511__jpeg.jpg,5,MECHANICAL SWEEPING,5,MECHANICAL SWEEPING,MECHANICAL SWEEPING,99.93,BIN LIFTING,0.06,BIN WASHING,0.0,True
C:/Users/sarun/OneDrive/Desktop/cesppl-internship/data/cesppl_processed/MECHANICAL SWEEPING/image517__jpeg.jpg,5,MECHANICAL SWEEPING,5,MECHANICAL SWEEPING,MECHANICAL SWEEPING,99.85,PRIMARY COLLECTION,0.09,BIN WASHING,0.03,True
C:/Users/sarun/OneDrive/Desktop/cesppl-internship/data/cesppl_processed/MECHANICAL SWEEPING/image518__jpeg.jpg,5,MECHANICAL SWEEPING,5,MECHANICAL SWEEPING,MECHANICAL SWEEPING,99.76,BIN LIFTING,0.16,BIN WASHING,0.03,True
C:/Users/sarun/OneDrive/Desktop/cesppl-internship/data/cesppl_processed/MECHANICAL SWEEPING/image529__jpeg.jpg,5,MECHANICAL SWEEPING,5,MECHANICAL SWEEPING,MECHANICAL SWEEPING,99.99,MECHANIZED BEACH CLEANING,0.0,SECONDARY VEHICLES,0.0,True
C:/Users/sarun/OneDrive/Desktop/cesppl-internship/data/cesppl_processed/MECHANICAL SWEEPING/image546__jpeg.jpg,5,MECHANICAL SWEEPING,5,MECHANICAL SWEEPING,MECHANICAL SWEEPING,100.0,BIN WASHING,0.0,PRIMARY COLLECTION,0.0,True
C:/Users/sarun/OneDrive/Desktop/cesppl-internship/data/cesppl_processed/MECHANIZED BEACH CLEANING/WhatsApp_Image_2026-07-01_at_8_25_34_AM__jpeg.jpg,6,MECHANIZED BEACH CLEANING,6,MECHANIZED BEACH CLEANING,MECHANIZED BEACH CLEANING,94.5,SECONDARY VEHICLES,5.4,MANUAL BEACH CLEANING,0.09,True
C:/Users/sarun/OneDrive/Desktop/cesppl-internship/data/cesppl_processed/MECHANIZED BEACH CLEANING/WhatsApp_Image_2026-07-02_at_7_13_00_AM_1__jpeg.jpg,6,MECHANIZED BEACH CLEANING,6,MECHANIZED BEACH CLEANING,MECHANIZED BEACH CLEANING,99.97,SECONDARY VEHICLES,0.01,MANUAL BEACH CLEANING,0.01,True
C:/Users/sarun/OneDrive/Desktop/cesppl-internship/data/cesppl_processed/MECHANIZED BEACH CLEANING/WhatsApp_Image_2026-07-02_at_7_13_05_AM__jpeg.jpg,6,MECHANIZED BEACH CLEANING,6,MECHANIZED BEACH CLEANING,MECHANIZED BEACH CLEANING,99.99,BIN WASHING,0.0,SECONDARY VEHICLES,0.0,True
C:/Users/sarun/OneDrive/Desktop/cesppl-internship/data/cesppl_processed/MECHANIZED BEACH CLEANING/WhatsApp_Image_2026-07-02_at_8_14_25_AM__jpeg.jpg,6,MECHANIZED BEACH CLEANING,6,MECHANIZED BEACH CLEANING,MECHANIZED BEACH CLEANING,99.98,MECHANICAL SWEEPING,0.01,LFC,0.0,True
C:/Users/sarun/OneDrive/Desktop/cesppl-internship/data/cesppl_processed/MECHANIZED BEACH CLEANING/WhatsApp_Image_2026-07-02_at_8_14_27_AM__jpeg.jpg,6,MECHANIZED BEACH CLEANING,6,MECHANIZED BEACH CLEANING,MECHANIZED BEACH CLEANING,99.72,SECONDARY VEHICLES,0.23,MANUAL BEACH CLEANING,0.03,True
C:/Users/sarun/OneDrive/Desktop/cesppl-internship/data/cesppl_processed/MECHANIZED BEACH CLEANING/WhatsApp_Image_2026-07-03_at_10_43_43_AM__jpeg.jpg,6,MECHANIZED BEACH CLEANING,6,MECHANIZED BEACH CLEANING,MECHANIZED BEACH CLEANING,99.8,SECONDARY VEHICLES,0.14,LFC,0.05,True
C:/Users/sarun/OneDrive/Desktop/cesppl-internship/data/cesppl_processed/MECHANIZED BEACH CLEANING/WhatsApp_Image_2026-07-03_at_10_43_45_AM_1__jpeg.jpg,6,MECHANIZED BEACH CLEANING,6,MECHANIZED BEACH CLEANING,MECHANIZED BEACH CLEANING,99.34,SECONDARY VEHICLES,0.65,MANUAL BEACH CLEANING,0.0,True
C:/Users/sarun/OneDrive/Desktop/cesppl-internship/data/cesppl_processed/MECHANIZED BEACH CLEANING/WhatsApp_Image_2026-07-04_at_7_48_54_AM_1__jpeg.jpg,6,MECHANIZED BEACH CLEANING,6,MECHANIZED BEACH CLEANING,MECHANIZED BEACH CLEANING,95.68,SECONDARY VEHICLES,4.28,LFC,0.02,True
C:/Users/sarun/OneDrive/Desktop/cesppl-internship/data/cesppl_processed/MECHANIZED BEACH CLEANING/WhatsApp_Image_2026-07-04_at_9_49_07_AM__jpeg.jpg,6,MECHANIZED BEACH CLEANING,6,MECHANIZED BEACH CLEANING,MECHANIZED BEACH CLEANING,99.95,SECONDARY VEHICLES,0.05,MANUAL BEACH CLEANING,0.0,True
C:/Users/sarun/OneDrive/Desktop/cesppl-internship/data/cesppl_processed/MECHANIZED BEACH CLEANING/WhatsApp_Image_2026-07-05_at_8_03_13_AM__jpeg.jpg,6,MECHANIZED BEACH CLEANING,6,MECHANIZED BEACH CLEANING,MECHANIZED BEACH CLEANING,99.88,SECONDARY VEHICLES,0.11,BIN WASHING,0.0,True
C:/Users/sarun/OneDrive/Desktop/cesppl-internship/data/cesppl_processed/MECHANIZED BEACH CLEANING/WhatsApp_Image_2026-07-06_at_7_41_52_AM__jpeg.jpg,6,MECHANIZED BEACH CLEANING,6,MECHANIZED BEACH CLEANING,MECHANIZED BEACH CLEANING,99.69,BIN LIFTING,0.11,MECHANICAL SWEEPING,0.08,True
C:/Users/sarun/OneDrive/Desktop/cesppl-internship/data/cesppl_processed/MECHANIZED BEACH CLEANING/WhatsApp_Image_2026-07-07_at_7_33_23_AM__jpeg.jpg,6,MECHANIZED BEACH CLEANING,6,MECHANIZED BEACH CLEANING,MECHANIZED BEACH CLEANING,98.82,SECONDARY VEHICLES,1.04,MANUAL BEACH CLEANING,0.08,True
C:/Users/sarun/OneDrive/Desktop/cesppl-internship/data/cesppl_processed/MECHANIZED BEACH CLEANING/WhatsApp_Image_2026-07-08_at_7_25_46_AM__jpeg.jpg,6,MECHANIZED BEACH CLEANING,6,MECHANIZED BEACH CLEANING,MECHANIZED BEACH CLEANING,99.45,SECONDARY VEHICLES,0.48,PRIMARY COLLECTION,0.03,True
C:/Users/sarun/OneDrive/Desktop/cesppl-internship/data/cesppl_processed/MECHANIZED BEACH CLEANING/WhatsApp_Image_2026-07-08_at_7_25_47_AM_1__jpeg.jpg,6,MECHANIZED BEACH CLEANING,6,MECHANIZED BEACH CLEANING,MECHANIZED BEACH CLEANING,96.46,SECONDARY VEHICLES,3.27,PRIMARY COLLECTION,0.08,True
C:/Users/sarun/OneDrive/Desktop/cesppl-internship/data/cesppl_processed/MECHANIZED BEACH CLEANING/WhatsApp_Image_2026-07-08_at_7_48_41_AM_2__jpeg.jpg,6,MECHANIZED BEACH CLEANING,6,MECHANIZED BEACH CLEANING,MECHANIZED BEACH CLEANING,99.9,SECONDARY VEHICLES,0.08,LFC,0.01,True
C:/Users/sarun/OneDrive/Desktop/cesppl-internship/data/cesppl_processed/MECHANIZED BEACH CLEANING/WhatsApp_Image_2026-07-09_at_4_10_50_PM__jpeg.jpg,6,MECHANIZED BEACH CLEANING,4,MANUAL BEACH CLEANING,MANUAL BEACH CLEANING,96.7,MECHANIZED BEACH CLEANING,3.28,SECONDARY VEHICLES,0.01,False
C:/Users/sarun/OneDrive/Desktop/cesppl-internship/data/cesppl_processed/MECHANIZED BEACH CLEANING/WhatsApp_Image_2026-07-09_at_8_24_04_AM_1__jpeg.jpg,6,MECHANIZED BEACH CLEANING,6,MECHANIZED BEACH CLEANING,MECHANIZED BEACH CLEANING,83.34,SECONDARY VEHICLES,16.53,BIN LIFTING,0.08,True
C:/Users/sarun/OneDrive/Desktop/cesppl-internship/data/cesppl_processed/MECHANIZED BEACH CLEANING/WhatsApp_Image_2026-07-09_at_8_24_07_AM_1__jpeg.jpg,6,MECHANIZED BEACH CLEANING,6,MECHANIZED BEACH CLEANING,MECHANIZED BEACH CLEANING,91.31,SECONDARY VEHICLES,8.68,MANUAL BEACH CLEANING,0.01,True
C:/Users/sarun/OneDrive/Desktop/cesppl-internship/data/cesppl_processed/MECHANIZED BEACH CLEANING/image548__jpeg.jpg,6,MECHANIZED BEACH CLEANING,6,MECHANIZED BEACH CLEANING,MECHANIZED BEACH CLEANING,99.23,SECONDARY VEHICLES,0.75,LFC,0.02,True
C:/Users/sarun/OneDrive/Desktop/cesppl-internship/data/cesppl_processed/MECHANIZED BEACH CLEANING/image556__jpeg.jpg,6,MECHANIZED BEACH CLEANING,6,MECHANIZED BEACH CLEANING,MECHANIZED BEACH CLEANING,99.02,SECONDARY VEHICLES,0.73,MANUAL BEACH CLEANING,0.25,True
C:/Users/sarun/OneDrive/Desktop/cesppl-internship/data/cesppl_processed/MECHANIZED BEACH CLEANING/image557__jpeg.jpg,6,MECHANIZED BEACH CLEANING,6,MECHANIZED BEACH CLEANING,MECHANIZED BEACH CLEANING,99.96,SECONDARY VEHICLES,0.02,BIN LIFTING,0.01,True
C:/Users/sarun/OneDrive/Desktop/cesppl-internship/data/cesppl_processed/MECHANIZED BEACH CLEANING/image559__jpeg.jpg,6,MECHANIZED BEACH CLEANING,6,MECHANIZED BEACH CLEANING,MECHANIZED BEACH CLEANING,95.06,SECONDARY VEHICLES,4.82,BIN LIFTING,0.04,True
C:/Users/sarun/OneDrive/Desktop/cesppl-internship/data/cesppl_processed/MECHANIZED BEACH CLEANING/image561__jpeg.jpg,6,MECHANIZED BEACH CLEANING,6,MECHANIZED BEACH CLEANING,MECHANIZED BEACH CLEANING,99.96,LFC,0.01,BIN WASHING,0.01,True
C:/Users/sarun/OneDrive/Desktop/cesppl-internship/data/cesppl_processed/MECHANIZED BEACH CLEANING/image563__jpeg.jpg,6,MECHANIZED BEACH CLEANING,6,MECHANIZED BEACH CLEANING,MECHANIZED BEACH CLEANING,97.98,MANUAL BEACH CLEANING,2.01,GATE MEETING,0.0,True
C:/Users/sarun/OneDrive/Desktop/cesppl-internship/data/cesppl_processed/MECHANIZED BEACH CLEANING/image578__jpeg.jpg,6,MECHANIZED BEACH CLEANING,6,MECHANIZED BEACH CLEANING,MECHANIZED BEACH CLEANING,99.96,SECONDARY VEHICLES,0.03,BIN LIFTING,0.01,True
C:/Users/sarun/OneDrive/Desktop/cesppl-internship/data/cesppl_processed/MECHANIZED BEACH CLEANING/image582__jpeg.jpg,6,MECHANIZED BEACH CLEANING,6,MECHANIZED BEACH CLEANING,MECHANIZED BEACH CLEANING,99.94,MANUAL BEACH CLEANING,0.06,SECONDARY VEHICLES,0.0,True
C:/Users/sarun/OneDrive/Desktop/cesppl-internship/data/cesppl_processed/MECHANIZED BEACH CLEANING/image595__jpeg.jpg,6,MECHANIZED BEACH CLEANING,6,MECHANIZED BEACH CLEANING,MECHANIZED BEACH CLEANING,99.57,SECONDARY VEHICLES,0.4,LFC,0.02,True
C:/Users/sarun/OneDrive/Desktop/cesppl-internship/data/cesppl_processed/MECHANIZED BEACH CLEANING/image614__jpeg.jpg,6,MECHANIZED BEACH CLEANING,6,MECHANIZED BEACH CLEANING,MECHANIZED BEACH CLEANING,96.9,BIN WASHING,2.15,SECONDARY VEHICLES,0.49,True
C:/Users/sarun/OneDrive/Desktop/cesppl-internship/data/cesppl_processed/MECHANIZED BEACH CLEANING/image624__jpeg.jpg,6,MECHANIZED BEACH CLEANING,6,MECHANIZED BEACH CLEANING,MECHANIZED BEACH CLEANING,99.48,MANUAL BEACH CLEANING,0.46,SECONDARY VEHICLES,0.03,True
C:/Users/sarun/OneDrive/Desktop/cesppl-internship/data/cesppl_processed/MECHANIZED BEACH CLEANING/image637__jpeg.jpg,6,MECHANIZED BEACH CLEANING,6,MECHANIZED BEACH CLEANING,MECHANIZED BEACH CLEANING,99.4,LFC,0.44,SECONDARY VEHICLES,0.1,True
C:/Users/sarun/OneDrive/Desktop/cesppl-internship/data/cesppl_processed/MECHANIZED BEACH CLEANING/image641__jpeg.jpg,6,MECHANIZED BEACH CLEANING,6,MECHANIZED BEACH CLEANING,MECHANIZED BEACH CLEANING,99.8,MANUAL BEACH CLEANING,0.19,MECHANICAL SWEEPING,0.0,True
C:/Users/sarun/OneDrive/Desktop/cesppl-internship/data/cesppl_processed/PRIMARY COLLECTION/WhatsApp_Image_2026-07-08_at_8_02_40_AM_1__jpeg.jpg,7,PRIMARY COLLECTION,7,PRIMARY COLLECTION,PRIMARY COLLECTION,98.08,LFC,1.36,SECONDARY VEHICLES,0.28,True
C:/Users/sarun/OneDrive/Desktop/cesppl-internship/data/cesppl_processed/PRIMARY COLLECTION/image26__jpeg.jpg,7,PRIMARY COLLECTION,7,PRIMARY COLLECTION,PRIMARY COLLECTION,99.71,BIN WASHING,0.09,LFC,0.08,True
C:/Users/sarun/OneDrive/Desktop/cesppl-internship/data/cesppl_processed/PRIMARY COLLECTION/image33__png.jpg,7,PRIMARY COLLECTION,7,PRIMARY COLLECTION,PRIMARY COLLECTION,99.98,ROAD SWEEPING,0.01,LFC,0.01,True
C:/Users/sarun/OneDrive/Desktop/cesppl-internship/data/cesppl_processed/PRIMARY COLLECTION/image41__png.jpg,7,PRIMARY COLLECTION,7,PRIMARY COLLECTION,PRIMARY COLLECTION,99.94,LFC,0.03,BIN WASHING,0.01,True
C:/Users/sarun/OneDrive/Desktop/cesppl-internship/data/cesppl_processed/PRIMARY COLLECTION/image43__png.jpg,7,PRIMARY COLLECTION,7,PRIMARY COLLECTION,PRIMARY COLLECTION,98.85,MECHANICAL SWEEPING,0.87,BIN LIFTING,0.07,True
C:/Users/sarun/OneDrive/Desktop/cesppl-internship/data/cesppl_processed/PRIMARY COLLECTION/image48__png.jpg,7,PRIMARY COLLECTION,7,PRIMARY COLLECTION,PRIMARY COLLECTION,96.92,ROAD SWEEPING,2.52,BIN WASHING,0.29,True
C:/Users/sarun/OneDrive/Desktop/cesppl-internship/data/cesppl_processed/PRIMARY COLLECTION/image51__png.jpg,7,PRIMARY COLLECTION,7,PRIMARY COLLECTION,PRIMARY COLLECTION,99.45,GATE MEETING,0.28,BIN WASHING,0.2,True
C:/Users/sarun/OneDrive/Desktop/cesppl-internship/data/cesppl_processed/PRIMARY COLLECTION/image54__png.jpg,7,PRIMARY COLLECTION,7,PRIMARY COLLECTION,PRIMARY COLLECTION,99.99,GATE MEETING,0.0,BIN WASHING,0.0,True
C:/Users/sarun/OneDrive/Desktop/cesppl-internship/data/cesppl_processed/PRIMARY COLLECTION/image56__png.jpg,7,PRIMARY COLLECTION,7,PRIMARY COLLECTION,PRIMARY COLLECTION,98.66,LFC,0.63,ROAD SWEEPING,0.23,True
C:/Users/sarun/OneDrive/Desktop/cesppl-internship/data/cesppl_processed/PRIMARY COLLECTION/image68__png.jpg,7,PRIMARY COLLECTION,7,PRIMARY COLLECTION,PRIMARY COLLECTION,47.28,MANUAL BEACH CLEANING,39.86,ROAD SWEEPING,8.25,True
C:/Users/sarun/OneDrive/Desktop/cesppl-internship/data/cesppl_processed/PRIMARY COLLECTION/image72__png.jpg,7,PRIMARY COLLECTION,7,PRIMARY COLLECTION,PRIMARY COLLECTION,99.69,MANUAL BEACH CLEANING,0.28,LFC,0.01,True
C:/Users/sarun/OneDrive/Desktop/cesppl-internship/data/cesppl_processed/PRIMARY COLLECTION/image73__png.jpg,7,PRIMARY COLLECTION,7,PRIMARY COLLECTION,PRIMARY COLLECTION,99.83,ROAD SWEEPING,0.09,LFC,0.03,True
C:/Users/sarun/OneDrive/Desktop/cesppl-internship/data/cesppl_processed/PRIMARY COLLECTION/image83__png.jpg,7,PRIMARY COLLECTION,7,PRIMARY COLLECTION,PRIMARY COLLECTION,98.2,GATE MEETING,1.2,ROAD SWEEPING,0.46,True
C:/Users/sarun/OneDrive/Desktop/cesppl-internship/data/cesppl_processed/PRIMARY COLLECTION/image86__png.jpg,7,PRIMARY COLLECTION,7,PRIMARY COLLECTION,PRIMARY COLLECTION,100.0,ROAD SWEEPING,0.0,LFC,0.0,True
C:/Users/sarun/OneDrive/Desktop/cesppl-internship/data/cesppl_processed/PRIMARY COLLECTION/image94__png.jpg,7,PRIMARY COLLECTION,7,PRIMARY COLLECTION,PRIMARY COLLECTION,83.69,BIN LIFTING,10.21,BIN WASHING,3.89,True
C:/Users/sarun/OneDrive/Desktop/cesppl-internship/data/cesppl_processed/PRIMARY COLLECTION/image95__png.jpg,7,PRIMARY COLLECTION,7,PRIMARY COLLECTION,PRIMARY COLLECTION,86.15,LFC,7.57,MECHANICAL SWEEPING,2.77,True
C:/Users/sarun/OneDrive/Desktop/cesppl-internship/data/cesppl_processed/ROAD SWEEPING/WhatsApp_Image_2026-07-01_at_11_51_18_PM__jpeg.jpg,8,ROAD SWEEPING,8,ROAD SWEEPING,ROAD SWEEPING,99.21,MANUAL BEACH CLEANING,0.78,LFC,0.02,True
C:/Users/sarun/OneDrive/Desktop/cesppl-internship/data/cesppl_processed/ROAD SWEEPING/WhatsApp_Image_2026-07-01_at_1_52_41_AM_1__jpeg.jpg,8,ROAD SWEEPING,8,ROAD SWEEPING,ROAD SWEEPING,92.1,BIN WASHING,4.94,LFC,2.2,True
C:/Users/sarun/OneDrive/Desktop/cesppl-internship/data/cesppl_processed/ROAD SWEEPING/WhatsApp_Image_2026-07-01_at_1_52_41_AM__jpeg.jpg,8,ROAD SWEEPING,8,ROAD SWEEPING,ROAD SWEEPING,100.0,MANUAL BEACH CLEANING,0.0,LFC,0.0,True
C:/Users/sarun/OneDrive/Desktop/cesppl-internship/data/cesppl_processed/ROAD SWEEPING/WhatsApp_Image_2026-07-01_at_5_59_37_AM_1__jpeg.jpg,8,ROAD SWEEPING,8,ROAD SWEEPING,ROAD SWEEPING,100.0,LFC,0.0,BIN WASHING,0.0,True
C:/Users/sarun/OneDrive/Desktop/cesppl-internship/data/cesppl_processed/ROAD SWEEPING/WhatsApp_Image_2026-07-01_at_6_52_55_AM_1__jpeg.jpg,8,ROAD SWEEPING,8,ROAD SWEEPING,ROAD SWEEPING,99.83,LFC,0.16,PRIMARY COLLECTION,0.01,True
C:/Users/sarun/OneDrive/Desktop/cesppl-internship/data/cesppl_processed/ROAD SWEEPING/WhatsApp_Image_2026-07-01_at_6_52_55_AM__jpeg.jpg,8,ROAD SWEEPING,8,ROAD SWEEPING,ROAD SWEEPING,99.94,LFC,0.05,BIN WASHING,0.01,True
C:/Users/sarun/OneDrive/Desktop/cesppl-internship/data/cesppl_processed/ROAD SWEEPING/WhatsApp_Image_2026-07-02_at_12_37_24_AM__jpeg.jpg,8,ROAD SWEEPING,8,ROAD SWEEPING,ROAD SWEEPING,98.73,MANUAL BEACH CLEANING,1.25,LFC,0.01,True
C:/Users/sarun/OneDrive/Desktop/cesppl-internship/data/cesppl_processed/ROAD SWEEPING/WhatsApp_Image_2026-07-02_at_12_45_51_AM__jpeg.jpg,8,ROAD SWEEPING,8,ROAD SWEEPING,ROAD SWEEPING,99.59,LFC,0.2,GATE MEETING,0.18,True
C:/Users/sarun/OneDrive/Desktop/cesppl-internship/data/cesppl_processed/ROAD SWEEPING/WhatsApp_Image_2026-07-02_at_2_14_51_AM__jpeg.jpg,8,ROAD SWEEPING,8,ROAD SWEEPING,ROAD SWEEPING,94.78,GATE MEETING,3.9,LFC,0.68,True
C:/Users/sarun/OneDrive/Desktop/cesppl-internship/data/cesppl_processed/ROAD SWEEPING/WhatsApp_Image_2026-07-02_at_5_28_21_AM__jpeg.jpg,8,ROAD SWEEPING,8,ROAD SWEEPING,ROAD SWEEPING,99.92,LFC,0.06,MECHANICAL SWEEPING,0.0,True
C:/Users/sarun/OneDrive/Desktop/cesppl-internship/data/cesppl_processed/ROAD SWEEPING/WhatsApp_Image_2026-07-02_at_5_28_22_AM__jpeg.jpg,8,ROAD SWEEPING,8,ROAD SWEEPING,ROAD SWEEPING,98.21,LFC,1.37,MECHANICAL SWEEPING,0.39,True
C:/Users/sarun/OneDrive/Desktop/cesppl-internship/data/cesppl_processed/ROAD SWEEPING/WhatsApp_Image_2026-07-02_at_7_17_00_AM_1__jpeg.jpg,8,ROAD SWEEPING,1,BIN WASHING,BIN WASHING,89.15,GATE MEETING,4.31,ROAD SWEEPING,4.06,False
C:/Users/sarun/OneDrive/Desktop/cesppl-internship/data/cesppl_processed/ROAD SWEEPING/WhatsApp_Image_2026-07-02_at_8_09_40_AM__jpeg.jpg,8,ROAD SWEEPING,3,LFC,LFC,93.3,ROAD SWEEPING,5.0,PRIMARY COLLECTION,1.6,False
C:/Users/sarun/OneDrive/Desktop/cesppl-internship/data/cesppl_processed/ROAD SWEEPING/WhatsApp_Image_2026-07-03_at_11_31_56_AM__jpeg.jpg,8,ROAD SWEEPING,8,ROAD SWEEPING,ROAD SWEEPING,99.99,LFC,0.0,SECONDARY VEHICLES,0.0,True
C:/Users/sarun/OneDrive/Desktop/cesppl-internship/data/cesppl_processed/ROAD SWEEPING/WhatsApp_Image_2026-07-03_at_11_31_59_AM_1__jpeg.jpg,8,ROAD SWEEPING,8,ROAD SWEEPING,ROAD SWEEPING,97.49,GATE MEETING,1.64,LFC,0.44,True
C:/Users/sarun/OneDrive/Desktop/cesppl-internship/data/cesppl_processed/ROAD SWEEPING/WhatsApp_Image_2026-07-03_at_1_29_13_AM__jpeg.jpg,8,ROAD SWEEPING,8,ROAD SWEEPING,ROAD SWEEPING,98.92,LFC,1.03,MANUAL BEACH CLEANING,0.02,True
C:/Users/sarun/OneDrive/Desktop/cesppl-internship/data/cesppl_processed/ROAD SWEEPING/WhatsApp_Image_2026-07-03_at_1_35_36_AM_2__jpeg.jpg,8,ROAD SWEEPING,8,ROAD SWEEPING,ROAD SWEEPING,99.57,LFC,0.39,GATE MEETING,0.03,True
C:/Users/sarun/OneDrive/Desktop/cesppl-internship/data/cesppl_processed/ROAD SWEEPING/WhatsApp_Image_2026-07-03_at_3_24_03_AM__jpeg.jpg,8,ROAD SWEEPING,1,BIN WASHING,BIN WASHING,47.12,ROAD SWEEPING,46.56,BIN LIFTING,4.65,False
C:/Users/sarun/OneDrive/Desktop/cesppl-internship/data/cesppl_processed/ROAD SWEEPING/WhatsApp_Image_2026-07-03_at_4_58_47_PM__jpeg.jpg,8,ROAD SWEEPING,4,MANUAL BEACH CLEANING,MANUAL BEACH CLEANING,99.7,ROAD SWEEPING,0.27,LFC,0.01,False
C:/Users/sarun/OneDrive/Desktop/cesppl-internship/data/cesppl_processed/ROAD SWEEPING/WhatsApp_Image_2026-07-03_at_6_42_17_AM_1__jpeg.jpg,8,ROAD SWEEPING,8,ROAD SWEEPING,ROAD SWEEPING,99.95,LFC,0.04,BIN WASHING,0.0,True
C:/Users/sarun/OneDrive/Desktop/cesppl-internship/data/cesppl_processed/ROAD SWEEPING/WhatsApp_Image_2026-07-03_at_7_07_12_AM_1__jpeg.jpg,8,ROAD SWEEPING,8,ROAD SWEEPING,ROAD SWEEPING,96.07,LFC,2.19,GATE MEETING,1.05,True
C:/Users/sarun/OneDrive/Desktop/cesppl-internship/data/cesppl_processed/ROAD SWEEPING/WhatsApp_Image_2026-07-03_at_7_55_07_AM_1__jpeg.jpg,8,ROAD SWEEPING,8,ROAD SWEEPING,ROAD SWEEPING,98.85,MANUAL BEACH CLEANING,0.74,LFC,0.32,True
C:/Users/sarun/OneDrive/Desktop/cesppl-internship/data/cesppl_processed/ROAD SWEEPING/WhatsApp_Image_2026-07-03_at_7_55_10_AM_1__jpeg.jpg,8,ROAD SWEEPING,8,ROAD SWEEPING,ROAD SWEEPING,95.05,LFC,4.93,PRIMARY COLLECTION,0.02,True
C:/Users/sarun/OneDrive/Desktop/cesppl-internship/data/cesppl_processed/ROAD SWEEPING/WhatsApp_Image_2026-07-03_at_9_57_48_AM__jpeg.jpg,8,ROAD SWEEPING,8,ROAD SWEEPING,ROAD SWEEPING,99.13,LFC,0.84,MANUAL BEACH CLEANING,0.02,True
C:/Users/sarun/OneDrive/Desktop/cesppl-internship/data/cesppl_processed/ROAD SWEEPING/WhatsApp_Image_2026-07-04_at_12_03_50_PM__jpeg.jpg,8,ROAD SWEEPING,8,ROAD SWEEPING,ROAD SWEEPING,98.89,PRIMARY COLLECTION,0.72,BIN WASHING,0.19,True
C:/Users/sarun/OneDrive/Desktop/cesppl-internship/data/cesppl_processed/ROAD SWEEPING/WhatsApp_Image_2026-07-04_at_12_04_02_PM__jpeg.jpg,8,ROAD SWEEPING,8,ROAD SWEEPING,ROAD SWEEPING,94.05,GATE MEETING,4.51,LFC,1.15,True
C:/Users/sarun/OneDrive/Desktop/cesppl-internship/data/cesppl_processed/ROAD SWEEPING/WhatsApp_Image_2026-07-04_at_7_35_07_AM__jpeg.jpg,8,ROAD SWEEPING,8,ROAD SWEEPING,ROAD SWEEPING,99.76,LFC,0.2,BIN WASHING,0.03,True
C:/Users/sarun/OneDrive/Desktop/cesppl-internship/data/cesppl_processed/ROAD SWEEPING/WhatsApp_Image_2026-07-04_at_8_34_56_AM_2__jpeg.jpg,8,ROAD SWEEPING,8,ROAD SWEEPING,ROAD SWEEPING,99.93,LFC,0.06,BIN WASHING,0.0,True
C:/Users/sarun/OneDrive/Desktop/cesppl-internship/data/cesppl_processed/ROAD SWEEPING/WhatsApp_Image_2026-07-05_at_1_33_13_PM_1__jpeg.jpg,8,ROAD SWEEPING,8,ROAD SWEEPING,ROAD SWEEPING,97.44,LFC,1.53,MANUAL BEACH CLEANING,0.76,True
C:/Users/sarun/OneDrive/Desktop/cesppl-internship/data/cesppl_processed/ROAD SWEEPING/WhatsApp_Image_2026-07-05_at_2_37_05_PM_1__jpeg.jpg,8,ROAD SWEEPING,8,ROAD SWEEPING,ROAD SWEEPING,99.88,MANUAL BEACH CLEANING,0.1,LFC,0.02,True
C:/Users/sarun/OneDrive/Desktop/cesppl-internship/data/cesppl_processed/ROAD SWEEPING/WhatsApp_Image_2026-07-05_at_2_37_05_PM__jpeg.jpg,8,ROAD SWEEPING,8,ROAD SWEEPING,ROAD SWEEPING,99.96,MANUAL BEACH CLEANING,0.03,LFC,0.0,True
C:/Users/sarun/OneDrive/Desktop/cesppl-internship/data/cesppl_processed/ROAD SWEEPING/WhatsApp_Image_2026-07-05_at_2_37_07_PM_1__jpeg.jpg,8,ROAD SWEEPING,8,ROAD SWEEPING,ROAD SWEEPING,95.84,MANUAL BEACH CLEANING,3.08,LFC,1.03,True
C:/Users/sarun/OneDrive/Desktop/cesppl-internship/data/cesppl_processed/ROAD SWEEPING/WhatsApp_Image_2026-07-05_at_2_37_22_PM_2__jpeg.jpg,8,ROAD SWEEPING,8,ROAD SWEEPING,ROAD SWEEPING,94.15,LFC,5.42,MANUAL BEACH CLEANING,0.33,True
C:/Users/sarun/OneDrive/Desktop/cesppl-internship/data/cesppl_processed/ROAD SWEEPING/WhatsApp_Image_2026-07-05_at_2_37_23_PM_2__jpeg.jpg,8,ROAD SWEEPING,8,ROAD SWEEPING,ROAD SWEEPING,99.81,LFC,0.19,MANUAL BEACH CLEANING,0.0,True
C:/Users/sarun/OneDrive/Desktop/cesppl-internship/data/cesppl_processed/ROAD SWEEPING/WhatsApp_Image_2026-07-05_at_2_37_24_PM_1__jpeg.jpg,8,ROAD SWEEPING,8,ROAD SWEEPING,ROAD SWEEPING,99.95,LFC,0.05,MECHANICAL SWEEPING,0.0,True
C:/Users/sarun/OneDrive/Desktop/cesppl-internship/data/cesppl_processed/ROAD SWEEPING/WhatsApp_Image_2026-07-05_at_2_37_25_PM_1__jpeg.jpg,8,ROAD SWEEPING,8,ROAD SWEEPING,ROAD SWEEPING,99.95,LFC,0.02,GATE MEETING,0.02,True
C:/Users/sarun/OneDrive/Desktop/cesppl-internship/data/cesppl_processed/ROAD SWEEPING/WhatsApp_Image_2026-07-05_at_7_42_49_AM__jpeg.jpg,8,ROAD SWEEPING,8,ROAD SWEEPING,ROAD SWEEPING,99.91,LFC,0.09,MECHANICAL SWEEPING,0.0,True
C:/Users/sarun/OneDrive/Desktop/cesppl-internship/data/cesppl_processed/ROAD SWEEPING/WhatsApp_Image_2026-07-05_at_7_42_53_AM__jpeg.jpg,8,ROAD SWEEPING,8,ROAD SWEEPING,ROAD SWEEPING,99.78,LFC,0.15,BIN WASHING,0.05,True
C:/Users/sarun/OneDrive/Desktop/cesppl-internship/data/cesppl_processed/ROAD SWEEPING/WhatsApp_Image_2026-07-06_at_6_33_20_AM__jpeg.jpg,8,ROAD SWEEPING,8,ROAD SWEEPING,ROAD SWEEPING,97.86,LFC,1.65,BIN LIFTING,0.33,True
C:/Users/sarun/OneDrive/Desktop/cesppl-internship/data/cesppl_processed/ROAD SWEEPING/WhatsApp_Image_2026-07-06_at_7_17_41_AM_1__jpeg.jpg,8,ROAD SWEEPING,8,ROAD SWEEPING,ROAD SWEEPING,99.55,LFC,0.38,BIN WASHING,0.05,True
C:/Users/sarun/OneDrive/Desktop/cesppl-internship/data/cesppl_processed/ROAD SWEEPING/WhatsApp_Image_2026-07-06_at_7_17_42_AM_1__jpeg.jpg,8,ROAD SWEEPING,8,ROAD SWEEPING,ROAD SWEEPING,99.86,MANUAL BEACH CLEANING,0.13,LFC,0.01,True
C:/Users/sarun/OneDrive/Desktop/cesppl-internship/data/cesppl_processed/ROAD SWEEPING/WhatsApp_Image_2026-07-06_at_9_24_49_AM_1__jpeg.jpg,8,ROAD SWEEPING,8,ROAD SWEEPING,ROAD SWEEPING,98.71,LFC,1.24,MECHANIZED BEACH CLEANING,0.02,True
C:/Users/sarun/OneDrive/Desktop/cesppl-internship/data/cesppl_processed/ROAD SWEEPING/WhatsApp_Image_2026-07-06_at_9_24_49_AM__jpeg.jpg,8,ROAD SWEEPING,8,ROAD SWEEPING,ROAD SWEEPING,58.58,LFC,40.8,BIN WASHING,0.2,True
C:/Users/sarun/OneDrive/Desktop/cesppl-internship/data/cesppl_processed/ROAD SWEEPING/WhatsApp_Image_2026-07-06_at_9_24_54_AM_1__jpeg.jpg,8,ROAD SWEEPING,8,ROAD SWEEPING,ROAD SWEEPING,99.97,LFC,0.03,MECHANIZED BEACH CLEANING,0.0,True
C:/Users/sarun/OneDrive/Desktop/cesppl-internship/data/cesppl_processed/ROAD SWEEPING/WhatsApp_Image_2026-07-07_at_11_40_16_PM__jpeg.jpg,8,ROAD SWEEPING,8,ROAD SWEEPING,ROAD SWEEPING,86.45,MANUAL BEACH CLEANING,12.8,PRIMARY COLLECTION,0.3,True
C:/Users/sarun/OneDrive/Desktop/cesppl-internship/data/cesppl_processed/ROAD SWEEPING/WhatsApp_Image_2026-07-07_at_12_59_03_PM_1__jpeg.jpg,8,ROAD SWEEPING,8,ROAD SWEEPING,ROAD SWEEPING,88.4,MANUAL BEACH CLEANING,11.33,LFC,0.15,True
C:/Users/sarun/OneDrive/Desktop/cesppl-internship/data/cesppl_processed/ROAD SWEEPING/WhatsApp_Image_2026-07-07_at_1_42_39_PM__jpeg.jpg,8,ROAD SWEEPING,8,ROAD SWEEPING,ROAD SWEEPING,98.05,LFC,1.84,PRIMARY COLLECTION,0.11,True
C:/Users/sarun/OneDrive/Desktop/cesppl-internship/data/cesppl_processed/ROAD SWEEPING/WhatsApp_Image_2026-07-07_at_1_42_44_PM__jpeg.jpg,8,ROAD SWEEPING,8,ROAD SWEEPING,ROAD SWEEPING,82.05,LFC,15.83,PRIMARY COLLECTION,1.13,True
C:/Users/sarun/OneDrive/Desktop/cesppl-internship/data/cesppl_processed/ROAD SWEEPING/WhatsApp_Image_2026-07-07_at_1_42_45_PM__jpeg.jpg,8,ROAD SWEEPING,8,ROAD SWEEPING,ROAD SWEEPING,98.93,LFC,1.03,MECHANIZED BEACH CLEANING,0.04,True
C:/Users/sarun/OneDrive/Desktop/cesppl-internship/data/cesppl_processed/ROAD SWEEPING/WhatsApp_Image_2026-07-08_at_12_50_43_AM__jpeg.jpg,8,ROAD SWEEPING,8,ROAD SWEEPING,ROAD SWEEPING,99.82,PRIMARY COLLECTION,0.08,LFC,0.07,True
C:/Users/sarun/OneDrive/Desktop/cesppl-internship/data/cesppl_processed/ROAD SWEEPING/WhatsApp_Image_2026-07-09_at_11_21_44_PM_1__jpeg.jpg,8,ROAD SWEEPING,8,ROAD SWEEPING,ROAD SWEEPING,99.99,BIN WASHING,0.0,LFC,0.0,True
C:/Users/sarun/OneDrive/Desktop/cesppl-internship/data/cesppl_processed/ROAD SWEEPING/WhatsApp_Image_2026-07-09_at_11_21_45_PM__jpeg.jpg,8,ROAD SWEEPING,8,ROAD SWEEPING,ROAD SWEEPING,99.99,LFC,0.01,MANUAL BEACH CLEANING,0.0,True
C:/Users/sarun/OneDrive/Desktop/cesppl-internship/data/cesppl_processed/ROAD SWEEPING/WhatsApp_Image_2026-07-09_at_7_14_46_AM_1__jpeg.jpg,8,ROAD SWEEPING,8,ROAD SWEEPING,ROAD SWEEPING,93.87,LFC,6.08,BIN WASHING,0.02,True
C:/Users/sarun/OneDrive/Desktop/cesppl-internship/data/cesppl_processed/ROAD SWEEPING/WhatsApp_Image_2026-07-09_at_7_37_37_AM_1__jpeg.jpg,8,ROAD SWEEPING,8,ROAD SWEEPING,ROAD SWEEPING,97.91,LFC,2.06,MANUAL BEACH CLEANING,0.02,True
C:/Users/sarun/OneDrive/Desktop/cesppl-internship/data/cesppl_processed/ROAD SWEEPING/image165__jpeg.jpg,8,ROAD SWEEPING,8,ROAD SWEEPING,ROAD SWEEPING,99.65,LFC,0.24,PRIMARY COLLECTION,0.08,True
C:/Users/sarun/OneDrive/Desktop/cesppl-internship/data/cesppl_processed/ROAD SWEEPING/image167__jpeg.jpg,8,ROAD SWEEPING,8,ROAD SWEEPING,ROAD SWEEPING,99.87,LFC,0.1,BIN WASHING,0.01,True
C:/Users/sarun/OneDrive/Desktop/cesppl-internship/data/cesppl_processed/ROAD SWEEPING/image171__jpeg.jpg,8,ROAD SWEEPING,8,ROAD SWEEPING,ROAD SWEEPING,74.01,MANUAL BEACH CLEANING,25.45,LFC,0.26,True
C:/Users/sarun/OneDrive/Desktop/cesppl-internship/data/cesppl_processed/ROAD SWEEPING/image177__jpeg.jpg,8,ROAD SWEEPING,8,ROAD SWEEPING,ROAD SWEEPING,99.9,LFC,0.09,MANUAL BEACH CLEANING,0.01,True
C:/Users/sarun/OneDrive/Desktop/cesppl-internship/data/cesppl_processed/ROAD SWEEPING/image187__jpeg.jpg,8,ROAD SWEEPING,8,ROAD SWEEPING,ROAD SWEEPING,99.89,MANUAL BEACH CLEANING,0.06,LFC,0.04,True
C:/Users/sarun/OneDrive/Desktop/cesppl-internship/data/cesppl_processed/ROAD SWEEPING/image188__jpeg.jpg,8,ROAD SWEEPING,8,ROAD SWEEPING,ROAD SWEEPING,99.15,LFC,0.68,MANUAL BEACH CLEANING,0.08,True
C:/Users/sarun/OneDrive/Desktop/cesppl-internship/data/cesppl_processed/ROAD SWEEPING/image189__jpeg.jpg,8,ROAD SWEEPING,8,ROAD SWEEPING,ROAD SWEEPING,99.89,MANUAL BEACH CLEANING,0.06,BIN WASHING,0.04,True
C:/Users/sarun/OneDrive/Desktop/cesppl-internship/data/cesppl_processed/ROAD SWEEPING/image194__jpeg.jpg,8,ROAD SWEEPING,8,ROAD SWEEPING,ROAD SWEEPING,99.92,LFC,0.07,MANUAL BEACH CLEANING,0.01,True
C:/Users/sarun/OneDrive/Desktop/cesppl-internship/data/cesppl_processed/ROAD SWEEPING/image202__jpeg.jpg,8,ROAD SWEEPING,7,PRIMARY COLLECTION,PRIMARY COLLECTION,60.62,ROAD SWEEPING,31.29,LFC,4.67,False
C:/Users/sarun/OneDrive/Desktop/cesppl-internship/data/cesppl_processed/ROAD SWEEPING/image203__jpeg.jpg,8,ROAD SWEEPING,8,ROAD SWEEPING,ROAD SWEEPING,70.88,BIN LIFTING,13.74,SECONDARY VEHICLES,8.77,True
C:/Users/sarun/OneDrive/Desktop/cesppl-internship/data/cesppl_processed/ROAD SWEEPING/image204__jpeg.jpg,8,ROAD SWEEPING,8,ROAD SWEEPING,ROAD SWEEPING,97.38,MANUAL BEACH CLEANING,1.45,BIN WASHING,0.61,True
C:/Users/sarun/OneDrive/Desktop/cesppl-internship/data/cesppl_processed/ROAD SWEEPING/image211__jpeg.jpg,8,ROAD SWEEPING,8,ROAD SWEEPING,ROAD SWEEPING,97.48,BIN WASHING,1.47,MANUAL BEACH CLEANING,0.96,True
C:/Users/sarun/OneDrive/Desktop/cesppl-internship/data/cesppl_processed/ROAD SWEEPING/image213__jpeg.jpg,8,ROAD SWEEPING,3,LFC,LFC,64.68,ROAD SWEEPING,34.58,SECONDARY VEHICLES,0.49,False
C:/Users/sarun/OneDrive/Desktop/cesppl-internship/data/cesppl_processed/ROAD SWEEPING/image221__jpeg.jpg,8,ROAD SWEEPING,8,ROAD SWEEPING,ROAD SWEEPING,99.41,LFC,0.3,BIN WASHING,0.21,True
C:/Users/sarun/OneDrive/Desktop/cesppl-internship/data/cesppl_processed/ROAD SWEEPING/image224__jpeg.jpg,8,ROAD SWEEPING,8,ROAD SWEEPING,ROAD SWEEPING,99.98,LFC,0.02,BIN WASHING,0.0,True
C:/Users/sarun/OneDrive/Desktop/cesppl-internship/data/cesppl_processed/ROAD SWEEPING/image231__jpeg.jpg,8,ROAD SWEEPING,8,ROAD SWEEPING,ROAD SWEEPING,98.56,LFC,1.43,BIN WASHING,0.01,True
C:/Users/sarun/OneDrive/Desktop/cesppl-internship/data/cesppl_processed/ROAD SWEEPING/image234__jpeg.jpg,8,ROAD SWEEPING,8,ROAD SWEEPING,ROAD SWEEPING,88.19,LFC,9.19,BIN WASHING,1.23,True
C:/Users/sarun/OneDrive/Desktop/cesppl-internship/data/cesppl_processed/ROAD SWEEPING/image237__jpeg.jpg,8,ROAD SWEEPING,8,ROAD SWEEPING,ROAD SWEEPING,99.97,LFC,0.03,MANUAL BEACH CLEANING,0.0,True
C:/Users/sarun/OneDrive/Desktop/cesppl-internship/data/cesppl_processed/ROAD SWEEPING/image242__jpeg.jpg,8,ROAD SWEEPING,8,ROAD SWEEPING,ROAD SWEEPING,88.13,MANUAL BEACH CLEANING,10.65,LFC,0.72,True
C:/Users/sarun/OneDrive/Desktop/cesppl-internship/data/cesppl_processed/ROAD SWEEPING/image243__jpeg.jpg,8,ROAD SWEEPING,8,ROAD SWEEPING,ROAD SWEEPING,99.62,LFC,0.2,GATE MEETING,0.1,True
C:/Users/sarun/OneDrive/Desktop/cesppl-internship/data/cesppl_processed/ROAD SWEEPING/image244__jpeg.jpg,8,ROAD SWEEPING,8,ROAD SWEEPING,ROAD SWEEPING,98.18,LFC,0.86,GATE MEETING,0.49,True
C:/Users/sarun/OneDrive/Desktop/cesppl-internship/data/cesppl_processed/ROAD SWEEPING/image257__jpeg.jpg,8,ROAD SWEEPING,8,ROAD SWEEPING,ROAD SWEEPING,92.11,GATE MEETING,7.19,LFC,0.55,True
C:/Users/sarun/OneDrive/Desktop/cesppl-internship/data/cesppl_processed/ROAD SWEEPING/image261__jpeg.jpg,8,ROAD SWEEPING,8,ROAD SWEEPING,ROAD SWEEPING,93.89,LFC,5.77,BIN WASHING,0.2,True
C:/Users/sarun/OneDrive/Desktop/cesppl-internship/data/cesppl_processed/ROAD SWEEPING/image270__jpeg.jpg,8,ROAD SWEEPING,8,ROAD SWEEPING,ROAD SWEEPING,99.99,LFC,0.01,BIN WASHING,0.0,True
C:/Users/sarun/OneDrive/Desktop/cesppl-internship/data/cesppl_processed/SECONDARY VEHICLES/WhatsApp_Image_2026-07-01_at_3_28_22_AM__jpeg.jpg,9,SECONDARY VEHICLES,9,SECONDARY VEHICLES,SECONDARY VEHICLES,88.34,ROAD SWEEPING,4.98,GATE MEETING,3.9,True
C:/Users/sarun/OneDrive/Desktop/cesppl-internship/data/cesppl_processed/SECONDARY VEHICLES/WhatsApp_Image_2026-07-01_at_4_22_43_AM__jpeg.jpg,9,SECONDARY VEHICLES,9,SECONDARY VEHICLES,SECONDARY VEHICLES,86.85,MANUAL BEACH CLEANING,9.08,ROAD SWEEPING,1.44,True
C:/Users/sarun/OneDrive/Desktop/cesppl-internship/data/cesppl_processed/SECONDARY VEHICLES/WhatsApp_Image_2026-07-01_at_4_33_06_AM_1__jpeg.jpg,9,SECONDARY VEHICLES,9,SECONDARY VEHICLES,SECONDARY VEHICLES,99.98,BIN LIFTING,0.01,BIN WASHING,0.0,True
C:/Users/sarun/OneDrive/Desktop/cesppl-internship/data/cesppl_processed/SECONDARY VEHICLES/WhatsApp_Image_2026-07-02_at_12_31_08_PM__jpeg.jpg,9,SECONDARY VEHICLES,9,SECONDARY VEHICLES,SECONDARY VEHICLES,99.91,MECHANIZED BEACH CLEANING,0.04,PRIMARY COLLECTION,0.03,True
C:/Users/sarun/OneDrive/Desktop/cesppl-internship/data/cesppl_processed/SECONDARY VEHICLES/WhatsApp_Image_2026-07-02_at_12_31_09_PM_1__jpeg.jpg,9,SECONDARY VEHICLES,9,SECONDARY VEHICLES,SECONDARY VEHICLES,99.75,MECHANIZED BEACH CLEANING,0.2,PRIMARY COLLECTION,0.02,True
C:/Users/sarun/OneDrive/Desktop/cesppl-internship/data/cesppl_processed/SECONDARY VEHICLES/WhatsApp_Image_2026-07-02_at_12_31_09_PM__jpeg.jpg,9,SECONDARY VEHICLES,9,SECONDARY VEHICLES,SECONDARY VEHICLES,99.97,MECHANIZED BEACH CLEANING,0.02,BIN WASHING,0.0,True
C:/Users/sarun/OneDrive/Desktop/cesppl-internship/data/cesppl_processed/SECONDARY VEHICLES/WhatsApp_Image_2026-07-02_at_12_37_11_PM__jpeg.jpg,9,SECONDARY VEHICLES,9,SECONDARY VEHICLES,SECONDARY VEHICLES,99.94,MECHANIZED BEACH CLEANING,0.05,GATE MEETING,0.01,True
C:/Users/sarun/OneDrive/Desktop/cesppl-internship/data/cesppl_processed/SECONDARY VEHICLES/WhatsApp_Image_2026-07-02_at_1_00_28_PM_1__jpeg.jpg,9,SECONDARY VEHICLES,6,MECHANIZED BEACH CLEANING,MECHANIZED BEACH CLEANING,94.1,MANUAL BEACH CLEANING,5.48,SECONDARY VEHICLES,0.36,False
C:/Users/sarun/OneDrive/Desktop/cesppl-internship/data/cesppl_processed/SECONDARY VEHICLES/WhatsApp_Image_2026-07-02_at_1_03_18_AM__jpeg.jpg,9,SECONDARY VEHICLES,9,SECONDARY VEHICLES,SECONDARY VEHICLES,67.48,BIN LIFTING,20.68,BIN WASHING,10.66,True
C:/Users/sarun/OneDrive/Desktop/cesppl-internship/data/cesppl_processed/SECONDARY VEHICLES/WhatsApp_Image_2026-07-02_at_5_15_45_PM_1__jpeg.jpg,9,SECONDARY VEHICLES,9,SECONDARY VEHICLES,SECONDARY VEHICLES,99.9,MECHANIZED BEACH CLEANING,0.08,BIN LIFTING,0.01,True
C:/Users/sarun/OneDrive/Desktop/cesppl-internship/data/cesppl_processed/SECONDARY VEHICLES/WhatsApp_Image_2026-07-03_at_12_13_59_PM_1__jpeg.jpg,9,SECONDARY VEHICLES,4,MANUAL BEACH CLEANING,MANUAL BEACH CLEANING,66.91,SECONDARY VEHICLES,30.79,GATE MEETING,1.42,False
C:/Users/sarun/OneDrive/Desktop/cesppl-internship/data/cesppl_processed/SECONDARY VEHICLES/WhatsApp_Image_2026-07-03_at_12_13_59_PM__jpeg.jpg,9,SECONDARY VEHICLES,4,MANUAL BEACH CLEANING,MANUAL BEACH CLEANING,65.44,MECHANIZED BEACH CLEANING,18.82,SECONDARY VEHICLES,13.27,False
C:/Users/sarun/OneDrive/Desktop/cesppl-internship/data/cesppl_processed/SECONDARY VEHICLES/WhatsApp_Image_2026-07-03_at_1_22_17_AM__jpeg.jpg,9,SECONDARY VEHICLES,9,SECONDARY VEHICLES,SECONDARY VEHICLES,99.69,BIN WASHING,0.26,ROAD SWEEPING,0.04,True
C:/Users/sarun/OneDrive/Desktop/cesppl-internship/data/cesppl_processed/SECONDARY VEHICLES/WhatsApp_Image_2026-07-03_at_1_22_19_AM_1__jpeg.jpg,9,SECONDARY VEHICLES,9,SECONDARY VEHICLES,SECONDARY VEHICLES,98.69,ROAD SWEEPING,0.89,BIN WASHING,0.17,True
C:/Users/sarun/OneDrive/Desktop/cesppl-internship/data/cesppl_processed/SECONDARY VEHICLES/WhatsApp_Image_2026-07-03_at_1_28_25_PM_2__jpeg.jpg,9,SECONDARY VEHICLES,9,SECONDARY VEHICLES,SECONDARY VEHICLES,99.52,MECHANIZED BEACH CLEANING,0.34,MANUAL BEACH CLEANING,0.11,True
C:/Users/sarun/OneDrive/Desktop/cesppl-internship/data/cesppl_processed/SECONDARY VEHICLES/WhatsApp_Image_2026-07-03_at_7_50_46_PM_1__jpeg.jpg,9,SECONDARY VEHICLES,2,GATE MEETING,GATE MEETING,92.45,SECONDARY VEHICLES,6.52,PRIMARY COLLECTION,0.53,False
C:/Users/sarun/OneDrive/Desktop/cesppl-internship/data/cesppl_processed/SECONDARY VEHICLES/WhatsApp_Image_2026-07-04_at_1_00_26_PM__jpeg.jpg,9,SECONDARY VEHICLES,9,SECONDARY VEHICLES,SECONDARY VEHICLES,99.37,MECHANIZED BEACH CLEANING,0.55,BIN LIFTING,0.05,True
C:/Users/sarun/OneDrive/Desktop/cesppl-internship/data/cesppl_processed/SECONDARY VEHICLES/WhatsApp_Image_2026-07-04_at_5_07_52_PM_1__jpeg.jpg,9,SECONDARY VEHICLES,9,SECONDARY VEHICLES,SECONDARY VEHICLES,99.87,BIN LIFTING,0.1,MECHANIZED BEACH CLEANING,0.02,True
C:/Users/sarun/OneDrive/Desktop/cesppl-internship/data/cesppl_processed/SECONDARY VEHICLES/WhatsApp_Image_2026-07-04_at_7_00_40_PM_1__jpeg.jpg,9,SECONDARY VEHICLES,9,SECONDARY VEHICLES,SECONDARY VEHICLES,99.98,BIN LIFTING,0.01,MECHANIZED BEACH CLEANING,0.0,True
C:/Users/sarun/OneDrive/Desktop/cesppl-internship/data/cesppl_processed/SECONDARY VEHICLES/WhatsApp_Image_2026-07-05_at_7_34_50_PM_1__jpeg.jpg,9,SECONDARY VEHICLES,9,SECONDARY VEHICLES,SECONDARY VEHICLES,96.04,BIN LIFTING,2.44,MECHANIZED BEACH CLEANING,0.64,True
C:/Users/sarun/OneDrive/Desktop/cesppl-internship/data/cesppl_processed/SECONDARY VEHICLES/WhatsApp_Image_2026-07-05_at_8_24_13_AM__jpeg.jpg,9,SECONDARY VEHICLES,9,SECONDARY VEHICLES,SECONDARY VEHICLES,99.97,MECHANIZED BEACH CLEANING,0.03,MANUAL BEACH CLEANING,0.0,True
C:/Users/sarun/OneDrive/Desktop/cesppl-internship/data/cesppl_processed/SECONDARY VEHICLES/WhatsApp_Image_2026-07-05_at_8_24_14_AM__jpeg.jpg,9,SECONDARY VEHICLES,9,SECONDARY VEHICLES,SECONDARY VEHICLES,89.95,MECHANIZED BEACH CLEANING,3.85,MANUAL BEACH CLEANING,3.59,True
C:/Users/sarun/OneDrive/Desktop/cesppl-internship/data/cesppl_processed/SECONDARY VEHICLES/WhatsApp_Image_2026-07-06_at_12_00_00_AM__jpeg.jpg,9,SECONDARY VEHICLES,9,SECONDARY VEHICLES,SECONDARY VEHICLES,98.88,MECHANIZED BEACH CLEANING,0.66,BIN WASHING,0.17,True
C:/Users/sarun/OneDrive/Desktop/cesppl-internship/data/cesppl_processed/SECONDARY VEHICLES/WhatsApp_Image_2026-07-07_at_8_51_40_AM__jpeg.jpg,9,SECONDARY VEHICLES,9,SECONDARY VEHICLES,SECONDARY VEHICLES,99.99,MECHANIZED BEACH CLEANING,0.01,BIN WASHING,0.0,True
C:/Users/sarun/OneDrive/Desktop/cesppl-internship/data/cesppl_processed/SECONDARY VEHICLES/WhatsApp_Image_2026-07-07_at_8_51_41_AM_1__jpeg.jpg,9,SECONDARY VEHICLES,9,SECONDARY VEHICLES,SECONDARY VEHICLES,99.99,MECHANIZED BEACH CLEANING,0.0,MANUAL BEACH CLEANING,0.0,True
C:/Users/sarun/OneDrive/Desktop/cesppl-internship/data/cesppl_processed/SECONDARY VEHICLES/WhatsApp_Image_2026-07-08_at_11_11_18_AM_1__jpeg.jpg,9,SECONDARY VEHICLES,9,SECONDARY VEHICLES,SECONDARY VEHICLES,99.55,MECHANIZED BEACH CLEANING,0.39,MANUAL BEACH CLEANING,0.05,True
C:/Users/sarun/OneDrive/Desktop/cesppl-internship/data/cesppl_processed/SECONDARY VEHICLES/WhatsApp_Image_2026-07-09_at_11_55_25_PM__jpeg.jpg,9,SECONDARY VEHICLES,9,SECONDARY VEHICLES,SECONDARY VEHICLES,99.92,BIN LIFTING,0.04,MECHANIZED BEACH CLEANING,0.01,True
C:/Users/sarun/OneDrive/Desktop/cesppl-internship/data/cesppl_processed/SECONDARY VEHICLES/image674__jpeg.jpg,9,SECONDARY VEHICLES,9,SECONDARY VEHICLES,SECONDARY VEHICLES,99.95,BIN WASHING,0.02,MECHANIZED BEACH CLEANING,0.01,True
C:/Users/sarun/OneDrive/Desktop/cesppl-internship/data/cesppl_processed/SECONDARY VEHICLES/image675__jpeg.jpg,9,SECONDARY VEHICLES,9,SECONDARY VEHICLES,SECONDARY VEHICLES,92.82,MECHANIZED BEACH CLEANING,7.17,MANUAL BEACH CLEANING,0.01,True
C:/Users/sarun/OneDrive/Desktop/cesppl-internship/data/cesppl_processed/SECONDARY VEHICLES/image679__jpeg.jpg,9,SECONDARY VEHICLES,9,SECONDARY VEHICLES,SECONDARY VEHICLES,99.94,BIN LIFTING,0.04,MECHANIZED BEACH CLEANING,0.01,True
C:/Users/sarun/OneDrive/Desktop/cesppl-internship/data/cesppl_processed/SECONDARY VEHICLES/image681__jpeg.jpg,9,SECONDARY VEHICLES,9,SECONDARY VEHICLES,SECONDARY VEHICLES,99.97,MECHANIZED BEACH CLEANING,0.02,LFC,0.0,True
C:/Users/sarun/OneDrive/Desktop/cesppl-internship/data/cesppl_processed/SECONDARY VEHICLES/image689__jpeg.jpg,9,SECONDARY VEHICLES,9,SECONDARY VEHICLES,SECONDARY VEHICLES,97.3,MANUAL BEACH CLEANING,1.53,MECHANIZED BEACH CLEANING,1.03,True
C:/Users/sarun/OneDrive/Desktop/cesppl-internship/data/cesppl_processed/SECONDARY VEHICLES/image693__jpeg.jpg,9,SECONDARY VEHICLES,9,SECONDARY VEHICLES,SECONDARY VEHICLES,99.53,MECHANIZED BEACH CLEANING,0.43,BIN WASHING,0.02,True
C:/Users/sarun/OneDrive/Desktop/cesppl-internship/data/cesppl_processed/SECONDARY VEHICLES/image695__jpeg.jpg,9,SECONDARY VEHICLES,7,PRIMARY COLLECTION,PRIMARY COLLECTION,85.87,SECONDARY VEHICLES,5.55,ROAD SWEEPING,4.24,False
C:/Users/sarun/OneDrive/Desktop/cesppl-internship/data/cesppl_processed/SECONDARY VEHICLES/image697__jpeg.jpg,9,SECONDARY VEHICLES,9,SECONDARY VEHICLES,SECONDARY VEHICLES,99.96,BIN LIFTING,0.02,MECHANIZED BEACH CLEANING,0.01,True
C:/Users/sarun/OneDrive/Desktop/cesppl-internship/data/cesppl_processed/SECONDARY VEHICLES/image703__jpeg.jpg,9,SECONDARY VEHICLES,9,SECONDARY VEHICLES,SECONDARY VEHICLES,97.77,BIN LIFTING,1.13,MECHANIZED BEACH CLEANING,0.5,True
C:/Users/sarun/OneDrive/Desktop/cesppl-internship/data/cesppl_processed/SECONDARY VEHICLES/image708__jpeg.jpg,9,SECONDARY VEHICLES,9,SECONDARY VEHICLES,SECONDARY VEHICLES,90.28,BIN LIFTING,6.62,ROAD SWEEPING,1.7,True
C:/Users/sarun/OneDrive/Desktop/cesppl-internship/data/cesppl_processed/SECONDARY VEHICLES/image711__jpeg.jpg,9,SECONDARY VEHICLES,1,BIN WASHING,BIN WASHING,97.29,SECONDARY VEHICLES,1.76,ROAD SWEEPING,0.39,False
C:/Users/sarun/OneDrive/Desktop/cesppl-internship/data/cesppl_processed/SECONDARY VEHICLES/image712__jpeg.jpg,9,SECONDARY VEHICLES,9,SECONDARY VEHICLES,SECONDARY VEHICLES,99.97,MECHANIZED BEACH CLEANING,0.02,MANUAL BEACH CLEANING,0.0,True
C:/Users/sarun/OneDrive/Desktop/cesppl-internship/data/cesppl_processed/SECONDARY VEHICLES/image713__jpeg.jpg,9,SECONDARY VEHICLES,9,SECONDARY VEHICLES,SECONDARY VEHICLES,98.91,MECHANIZED BEACH CLEANING,0.52,BIN LIFTING,0.27,True
C:/Users/sarun/OneDrive/Desktop/cesppl-internship/data/cesppl_processed/SECONDARY VEHICLES/image719__jpeg.jpg,9,SECONDARY VEHICLES,1,BIN WASHING,BIN WASHING,98.66,BIN LIFTING,1.03,SECONDARY VEHICLES,0.16,False
C:/Users/sarun/OneDrive/Desktop/cesppl-internship/data/cesppl_processed/SECONDARY VEHICLES/image721__jpeg.jpg,9,SECONDARY VEHICLES,9,SECONDARY VEHICLES,SECONDARY VEHICLES,77.66,PRIMARY COLLECTION,10.12,BIN WASHING,9.81,True
C:/Users/sarun/OneDrive/Desktop/cesppl-internship/data/cesppl_processed/SECONDARY VEHICLES/image730__jpeg.jpg,9,SECONDARY VEHICLES,9,SECONDARY VEHICLES,SECONDARY VEHICLES,85.31,MANUAL BEACH CLEANING,14.55,MECHANIZED BEACH CLEANING,0.12,True
C:/Users/sarun/OneDrive/Desktop/cesppl-internship/data/cesppl_processed/SECONDARY VEHICLES/image731__jpeg.jpg,9,SECONDARY VEHICLES,9,SECONDARY VEHICLES,SECONDARY VEHICLES,95.07,BIN LIFTING,3.28,BIN WASHING,1.57,True
