{
    "checkpoint": "C:\\Users\\sarun\\OneDrive\\Desktop\\cesppl-internship\\runs\\run_04_finetuned\\best.weights.h5",
    "split": "val",
    "backbone": "efficientnetb0",
    "overall_accuracy": 0.9502762430939227,
    "macro_f1": 0.9330746814883343,
    "number_of_samples": 543,
    "per_class_metrics": {
        "BIN LIFTING": {
            "precision": 0.9615384615384616,
            "recall": 1.0,
            "f1_score": 0.9803921568627451,
            "support": 25
        },
        "BIN WASHING": {
            "precision": 0.9245283018867925,
            "recall": 1.0,
            "f1_score": 0.9607843137254902,
            "support": 49
        },
        "GATE MEETING": {
            "precision": 0.9230769230769231,
            "recall": 0.8888888888888888,
            "f1_score": 0.9056603773584906,
            "support": 54
        },
        "LFC": {
            "precision": 0.7272727272727273,
            "recall": 0.8,
            "f1_score": 0.7619047619047619,
            "support": 20
        },
        "MANUAL BEACH CLEANING": {
            "precision": 0.9897435897435898,
            "recall": 0.9698492462311558,
            "f1_score": 0.9796954314720813,
            "support": 199
        },
        "MECHANICAL SWEEPING": {
            "precision": 1.0,
            "recall": 1.0,
            "f1_score": 1.0,
            "support": 27
        },
        "MECHANIZED BEACH CLEANING": {
            "precision": 0.9393939393939394,
            "recall": 1.0,
            "f1_score": 0.96875,
            "support": 31
        },
        "PRIMARY COLLECTION": {
            "precision": 0.8823529411764706,
            "recall": 0.9375,
            "f1_score": 0.9090909090909091,
            "support": 16
        },
        "ROAD SWEEPING": {
            "precision": 0.9358974358974359,
            "recall": 0.9358974358974359,
            "f1_score": 0.9358974358974359,
            "support": 78
        },
        "SECONDARY VEHICLES": {
            "precision": 0.975,
            "recall": 0.8863636363636364,
            "f1_score": 0.9285714285714286,
            "support": 44
        }
    }
}