{
    "accuracy": [
        0.5308300256729126,
        0.7889328002929688,
        0.8351778388023376,
        0.8418972492218018,
        0.8671936988830566,
        0.8901185989379883,
        0.8916996121406555,
        0.896442711353302,
        0.9055336117744446,
        0.9047430753707886,
        0.9071146249771118,
        0.9134387373924255,
        0.9201580882072449,
        0.9162055253982544,
        0.9209486246109009,
        0.9162055253982544,
        0.9237154126167297,
        0.9205533862113953,
        0.9189723134040833,
        0.9213438630104065
    ],
    "loss": [
        1.5638177394866943,
        0.7310104966163635,
        0.578953206539154,
        0.5103890895843506,
        0.4199563264846802,
        0.3847206234931946,
        0.35270506143569946,
        0.3164851665496826,
        0.3009886145591736,
        0.3003123998641968,
        0.2895048260688782,
        0.2751748859882355,
        0.2616237998008728,
        0.26718011498451233,
        0.24441909790039062,
        0.24501019716262817,
        0.24157333374023438,
        0.25769293308258057,
        0.2421085387468338,
        0.2597517967224121
    ],
    "val_accuracy": [
        0.8508287072181702,
        0.8876611590385437,
        0.8987108469009399,
        0.9152854681015015,
        0.9060773253440857,
        0.9060773253440857,
        0.9226519465446472,
        0.9263351559638977,
        0.9318600296974182,
        0.918968677520752,
        0.9318600296974182,
        0.9318600296974182,
        0.9318600296974182,
        0.9318600296974182,
        0.930018424987793,
        0.9318600296974182,
        0.930018424987793,
        0.9263351559638977,
        0.930018424987793,
        0.9355432987213135
    ],
    "val_loss": [
        0.55842125415802,
        0.3919934630393982,
        0.3387928009033203,
        0.28904831409454346,
        0.28562334179878235,
        0.28108108043670654,
        0.24883586168289185,
        0.23803840577602386,
        0.22019264101982117,
        0.2382715344429016,
        0.22253085672855377,
        0.21311195194721222,
        0.21306875348091125,
        0.22033478319644928,
        0.21395254135131836,
        0.21265946328639984,
        0.21473360061645508,
        0.21021266281604767,
        0.2097742110490799,
        0.20649664103984833
    ],
    "learning_rate": [
        0.0010000000474974513,
        0.0010000000474974513,
        0.0010000000474974513,
        0.0010000000474974513,
        0.0010000000474974513,
        0.0010000000474974513,
        0.0010000000474974513,
        0.0010000000474974513,
        0.0010000000474974513,
        0.0010000000474974513,
        0.0010000000474974513,
        0.0003000000142492354,
        0.0003000000142492354,
        0.0003000000142492354,
        9.000000136438757e-05,
        9.000000136438757e-05,
        9.000000136438757e-05,
        9.000000136438757e-05,
        9.000000136438757e-05,
        9.000000136438757e-05
    ]
}