{
    "accuracy": [
        0.6426877379417419,
        0.8573122620582581
    ],
    "loss": [
        1.4140645265579224,
        0.6373959183692932
    ],
    "val_accuracy": [
        0.8931860327720642,
        0.909760594367981
    ],
    "val_loss": [
        0.5692924857139587,
        0.3705888092517853
    ],
    "learning_rate": [
        0.0010000000474974513,
        0.0010000000474974513
    ]
}